pengguna;produk;rating;review;gambar
Asyrah;OPPO A3 8GB/128GB Online Exclusive (Garansi Resmi) - PromoVarian: Ungu;5;nanti bakal order disini lagi. terimakasih ;
"tidak kecewa pokok nya.""";gambar_produk/produk_0_0.webp;;;
W***o;OPPO VOOC TYPE-C CABLE DL129 WHITE;5;Tidak ada ulasan;gambar_produk/produk_0_1.webp
xinping;[NEW] OPPO Reno13 F 5G 12GB/256GB & 8GB/256GB (Garansi Resmi)Varian: Ungu - 12GB+256GB;5;mantap sudah sampai dengan selamat tiba ditujuan sesuai diskrriipsi semoga awet dan tahan lama;gambar_produk/produk_0_2.webp
P***T;[NEW] OPPO A3 8GB/128GB Online Exclusive (Garansi Resmi)Varian: Hitam;5;mantap hpnya;
Royani;OPPO Reno11 5G 8GB/256GB (Garansi Resmi)Varian: Hijau;5;100% Ori, segel oke, kualitas mantap, pengiriman cepet diluar estimasi, selalu belaja di toko official biar puas;
B***u;HD Glass Screen Protector for OPPO A78;5;sejauh ini tg terbaik buat a78;
B***u;OPPO A78 Diamond Protective Case;5;bgus kokoh;
Budi;OPPO A60 8GB+8GB/128GB & 256GB (Garansi Resmi) XYZ8732OPVarian: Biru 256GB;5;terimakasih gan barang sudah sampai üôè;
N***a;OPPO VOOC TYPE-C CABLE DL129 WHITE;5;mantap barang 100% original gak perlu ragu beli disini vooc juga menyala;
iyan;OPPO A3x 4GB(+4GB)/64GB (Garansi Resmi)  XYZ8732OPVarian: Merah;5;respon oke ,barang oke cepat sampai juga;
N***i;OPPO A3x 4GB(+4GB)/64GB (Garansi Resmi)  XYZ8732OPVarian: Biru;5;fast respon, keren d;gambar_produk/produk_1_0.webp
Muhammad;OPPO Reno11 5G 8GB/256GB (Garansi Resmi)Varian: Hijau;5;Bara g sesuai pesanan dan original segel, garansi masih belum jalan... Oppo Official mantab...;gambar_produk/produk_1_1.webp
Merlin;OPPO A79 5G 8GB/256GB (Garansi Resmi)Varian: Hitam;5;semuanya baik, thanks;gambar_produk/produk_1_2.webp
P***i;OPPO Half-Ear Earphones MH135 White 3.5mm;5;barang bagus, packing rapi...pesanan sesuai;gambar_produk/produk_1_3.webp
H***i;OPPO VOOC TYPE-C CABLE DL129 WHITE;5;Barang masih disegel pada saat pengiriman. Sudah pasti original. Pelayanan bintang üåüüåüüåüüåüüåü. Puas berbelanja di toko ini.;gambar_produk/produk_1_4.webp
R***a;OPPO A79 5G 8GB/256GB (Garansi Resmi)Varian: Hitam;5;barang segel, bubble tebel, pengiriman cepet;
K***i;[NEW] OPPO Reno13 F 5G 12GB/256GB & 8GB/256GB (Garansi Resmi)Varian: Hitam - 8GB+256GB;5;barang sesuai pesanan dn bagus,smoga awet barang y;gambar_produk/produk_1_6.webp
Mamat;OPPO A3 8GB/128GB Online Exclusive (Garansi Resmi) - PromoVarian: Hitam;5;barang mantap;gambar_produk/produk_1_7.webp
Rama;HD Glass Screen Protector for OPPO A58;5;Terimakasih, Oppo pasti berkualitas barang nyaüëç;
F***y;OPPO A5 Pro 5G 8GB+256GB (Garansi Resmi)Varian: Merah Muda;5;Mantap klo beli hp di online usahakn yg official‚Äù aja;
GUSTI;OPPO A5 Pro 8GB+128GB/256GB (Garansi Resmi)Varian: Hijau - 8/128GB;5;Alhamdulillah barang sudah sampai tujuan terimakasih;gambar_produk/produk_2_0.webp
Adi;[NEW] OPPO A3 8GB/128GB Online Exclusive (Garansi Resmi)Varian: Hitam;5;barang sesuai, puas dengan produk nya;gambar_produk/produk_2_1.webp
ferry;OPPO A5 Pro 8GB+128GB/256GB (Garansi Resmi)Varian: Cokelat - 8/128GB;5;Kurir amanah pengiriman cepat, hp berfungsi normal;gambar_produk/produk_2_2.webp
Raska;OPPO A78 8GB(+8GB)/256GB Smartphone (Garansi Resmi)Varian: Green;5;mantap respon toko sergep mantap;
N***r;OPPO A3 8GB/128GB Online Exclusive (Garansi Resmi) - PromoVarian: Putih;5;barang masih di segel.pengiriman cepat paking juga oke thanks semoga awet dan berfungsi dengan baik..sukses terus oppo Indonesia;gambar_produk/produk_2_4.webp
R***a;OPPO Half-Ear Earphones MH135 White 3.5mm;5;selalu puas sih klo beli di official, packing cukup oke, sampai dgn selamat;gambar_produk/produk_2_5.webp
Ardiansyah;OPPO A38 6GB/128GB (Garansi Resmi) XYZ8732OPVarian: Hitam;4;respon seller lelet;
Om;OPPO A78 8GB(+8GB)/256GB Smartphone (Garansi Resmi)Varian: Hitam;5;.,.,.,.,.,.,.,.,.,.,.,..,.,.,.,.,.,.,.,.,.,.,.,.,..,;
Titik;OPPO A3 8GB/128GB Online Exclusive (Garansi Resmi) - PromoVarian: Hitam;5;barang msh disegel, berfungsi baik garansi resmi ..top deh..mksh seller;gambar_produk/produk_2_8.webp
a***y;OPPO Half-Ear Earphones MH135 White 3.5mm;5;udah dicoba, suaranya gilaa mantap sesuai ekspektasi ü§≠;gambar_produk/produk_2_9.webp
Sugeng;OPPO A79 5G 8GB/256GB (Garansi Resmi)Varian: Hitam;5;ok;gambar_produk/produk_3_0.webp
Nur;[NEW] OPPO A3 8GB/128GB Online Exclusive (Garansi Resmi)Varian: Ungu;5;bagus, kalo nyari oppo yg ori cari di oppo offcial store takut nya kalo di toko lsin dikasih yg bekas soalnya dulu pernah nyari ditoko lain saya kembalikan. makasih sellw...;gambar_produk/produk_3_1.webp
D***y;[NEW] OPPO A3 8GB/128GB Online Exclusive (Garansi Resmi)Varian: Putih;5;barang masih di segel, sangat memuaskan;gambar_produk/produk_3_2.webp
E***o;OPPO VOOC TYPE-C CABLE DL129 WHITE;5;barang ori oppo. sudah dicoba dan bisa super vooc. proses cepat;gambar_produk/produk_3_3.webp
christo;OPPO A5 Pro 5G 8GB+256GB (Garansi Resmi)Varian: Cokelat;5;mantap sesuai deskripsi dan lancar jaya . semoga awet;gambar_produk/produk_3_4.webp
muhamad;OPPO A38 6GB/128GB (Garansi Resmi) XYZ8732OPVarian: Hitam;5;barang Ok ;
;;;;
"masih segel""";gambar_produk/produk_3_5.webp;;;
D***h;OPPO A79 5G 8GB/256GB (Garansi Resmi)Varian: Hitam;5;ok.. barsng datang dgn selamat, cuma dus luar basah.. dalam aman;
berfungdi dg baik.. ;;;;
toko lumayan gercep.. ;;;;
"makasih""";gambar_produk/produk_3_6.webp;;;
Jack;OPPO A5 Pro 8GB+128GB/256GB (Garansi Resmi)Varian: Cokelat - 8/128GB;5;pengiriman cepat,, respon cepat,, bagus pokoknya;gambar_produk/produk_3_7.webp
Ismailafrita;OPPO A5 Pro 5G 8GB+256GB (Garansi Resmi)Varian: Merah Muda;5;Barang ORI masih disegel pakingan bagus recommended belanja di Oppo official store;gambar_produk/produk_3_8.webp
Vincentius;OPPO A5 Pro 5G 8GB+256GB (Garansi Resmi)Varian: Cokelat;1;barang sampai tapi isi paket kotak hp yg kosong, kecewa dengan proses pengirimannya;gambar_produk/produk_3_9.webp
Maya;OPPO VOOC TYPE-C CABLE DL129 WHITE;5;terimakasih meskipun di hari Minggu masih melayani pengiriman, dan Selasa siang sudah sampek SBY. mksh yah kak. kalo beli di official sudah dipastikan original, box nya j...;gambar_produk/produk_4_0.webp
Bang;OPPO A38 6GB/128GB (Garansi Resmi) XYZ8732OPVarian: Hitam;5;luar biasa.. checkout pagi. ¬±3jam sudah sampai rumah. cepet bgt pengiriman nya!!! barang ori dan masih tetsegel rapih. bagus!!! tengkyu sellerüôè;gambar_produk/produk_4_1.webp
s***a;[NEW] OPPO A3 8GB/128GB Online Exclusive (Garansi Resmi)Varian: Hitam;5;Tidak ada ulasan;gambar_produk/produk_4_2.webp
AYIK;[NEW] OPPO A3 8GB/128GB Online Exclusive (Garansi Resmi)Varian: Hitam;5;official oppo memang joss gandiss,brg sesuai;
"mantulll""";gambar_produk/produk_4_3.webp;;;
Ade;OPPO A5 Pro 8GB+128GB/256GB (Garansi Resmi)Varian: Hijau - 8/256GB;5;tadinya mau batal karena udah diajuin malah dikirim ya sudah lah;gambar_produk/produk_4_4.webp
V***i;OPPO A60 8GB+8GB/128GB & 256GB (Garansi Resmi) XYZ8732OPVarian: Ungu 128GB;5;Mantaf berfungsi baik,,;
"Semoga awet dipakai nya""";gambar_produk/produk_4_5.webp;;;
k***i;OPPO A18 4GB/128GB Smartphone (Garansi Resmi) - PromoVarian: Biru;5;marang masih segel, dan sengaja bikin ulasan nya telat dan alhamdulilah barang bagus berfungsi normal;
Ferry;OPPO A3 8GB/128GB Online Exclusive (Garansi Resmi) - PromoVarian: Ungu;5;good jobsüëçüëçüëç;gambar_produk/produk_4_7.webp
P***t;OPPO Reno12 F 5G 12GB/256GB (Garansi Resmi) XYZ8732OPVarian: Orange 256GB;5;Hp-nya diterima tanpa kendala. Hp dipacking aman dan Hp berjalan dengan baik. Terima kasih banyak;
A***s;OPPO A5 Pro 8GB+128GB/256GB (Garansi Resmi)Varian: Cokelat - 8/256GB;5;Alhamdulillah suda sampai, sesuwai pesanan;gambar_produk/produk_4_9.webp
Andri;OPPO A3 8GB/128GB Online Exclusive (Garansi Resmi)Varian: Ungu;5;barang masih di segel, pengemasan rapih dan sangat baik jadi tidak takut penyok;gambar_produk/produk_5_0.webp
Sandi;OPPO A38 6GB/128GB (Garansi Resmi) XYZ8732OPVarian: Hitam;5;sampai dgn selamat;gambar_produk/produk_5_1.webp
edo;OPPO A3 8GB/128GB Online Exclusive (Garansi Resmi) - PromoVarian: Hitam;5;berfungsi baik;gambar_produk/produk_5_2.webp
Eko;[NEW] OPPO A3 8GB/128GB Online Exclusive (Garansi Resmi)Varian: Ungu;5;terima kasih, produk sampai sesuai dengan pesanan, cepat sampai, packing rapi aman üëçüèª;gambar_produk/produk_5_3.webp
Gusmerly;OPPO A3 8GB/128GB Online Exclusive (Garansi Resmi)Varian: Ungu;5;sesuai...mantapppppppp benerrrrrrrrrr dehhhhhhhhhhhhhhhhhhhhh;
andi;OPPO A3x 4GB(+4GB)/64GB (Garansi Resmi)  XYZ8732OPVarian: Biru;5;aamaaaaannnnnn pokoknyaaaa;gambar_produk/produk_5_5.webp
Arrum;OPPO A79 5G 8GB/256GB (Garansi Resmi)Varian: Hitam;5;Barang masih disegel dan berfungsi dengan baik;gambar_produk/produk_5_6.webp
Narko;OPPO A3 8GB/128GB Online Exclusive (Garansi Resmi) - PromoVarian: Hitam;5;mantaf..sesuai barangny;gambar_produk/produk_5_7.webp
Suryadi;OPPO Reno11 5G 8GB/256GB (Garansi Resmi)Varian: Hitam;5;barang sesuai pesanan, original oppo,,, recommended seller;gambar_produk/produk_5_8.webp
L***o;OPPO A3 8GB/128GB Online Exclusive (Garansi Resmi)Varian: Ungu;5;barang masih segel dan ori, pengiriman cepat üëç;
Faishal;OPPO Half-Ear Earphones MH135 White 3.5mm;5;packing aman, kualitas barang aman, suara empuk;gambar_produk/produk_6_0.webp
arif;OPPO Reno12 F 8GB/256GB Smartphone (Garansi Resmi) XYZ8732OPVarian: Green;5;Hp masih bersegel, packing double plastik bubble dan Dus MANTAP;gambar_produk/produk_6_1.webp
widioko;OPPO A38 6GB/128GB (Garansi Resmi) XYZ8732OPVarian: Hitam;5;barang masih tersegel,semoga berfungsi dengan baik....dan semoga awet;gambar_produk/produk_6_2.webp
A***p;OPPO A3x 4GB(+4GB)/64GB (Garansi Resmi)  XYZ8732OPVarian: Biru;5;paket sudah sampai kondisi oke cuman dus luar agak remuk dikit,isi dalam nya aman untung double pakingüëçüëçhp berfungsi normal kelengkapan full.sudah langganan belanja di...;gambar_produk/produk_6_3.webp
Safitrii;OPPO A78 8GB(+8GB)/256GB Smartphone (Garansi Resmi)Varian: Hijau+TebusMrh;5;baru kemaren pesen.. sekarang udah sampe sumpah bagus banget packing juga aman banget..semoga awet ya diaku terimakasih banyak;gambar_produk/produk_6_4.webp
chaerul;OPPO A5 Pro 8GB+128GB/256GB (Garansi Resmi)Varian: Cokelat - 8/256GB;5;fast response..barang sudah diterima;gambar_produk/produk_6_5.webp
Sandy;[Kejar Diskon] OPPO Reno12 F 5G 12GB/256GB (Garansi Resmi)Varian: Hijau;5;berfungsi dengan baik. kemasan aman. ramah. terima kasih.. üëçüèª;
Ahmad;OPPO A79 5G 8GB/256GB (Garansi Resmi)Varian: Ungu;5;barang masih di segel kondisi baru, sesuai pesanan sangat memuaskan sekali, terimakasih;gambar_produk/produk_6_7.webp
Eko;OPPO A60 8GB+8GB/128GB & 256GB (Garansi Resmi) XYZ8732OPVarian: Ungu 256GB;5;sesuai keinginan ... terima kasih ...;gambar_produk/produk_6_8.webp
erni;OPPO A58 NFC 8GB/128GB (Garansi Resmi)Varian: Hitam;5;alhamdulillah barang datang cepat... segel, berfungsi dengan baik.. semoga awet;
iyan;OPPO A3x 4GB(+4GB)/64GB (Garansi Resmi)  XYZ8732OPVarian: Merah;5;puas;gambar_produk/produk_7_0.webp
CapungRacing;OPPO Reno11 5G 8GB/256GB (Garansi Resmi)Varian: Hitam;5;Respon Seller dan pengiriman cepat.. Packing rapi dan produk Ori.. Terima kasih OPPO Indonesia üëçüëç;gambar_produk/produk_7_1.webp
asan;OPPO A5 Pro 8GB+128GB/256GB (Garansi Resmi)Varian: Cokelat - 8/256GB;5;pengiriman cepat diterima dihari yg sama;gambar_produk/produk_7_2.webp
Muhammad;OPPO A5 Pro 8GB+128GB/256GB (Garansi Resmi)Varian: Cokelat - 8/256GB;5;sesuai dengan yg di order mantap selalu;gambar_produk/produk_7_3.webp
E***y;[NEW] OPPO A3 8GB/128GB Online Exclusive (Garansi Resmi)Varian: Ungu;5;sesuai deskripsi sesuai iklan,mntp üëç;gambar_produk/produk_7_4.webp
C***r;OPPO A18 4GB/128GB Smartphone (Garansi Resmi) XYZ8732OPVarian: Biru Muda;5;paket diterima dengan baik dan masih segel;
s***e;OPPO VOOC TYPE-C CABLE DL129 WHITE;1;Tidak ada ulasan;gambar_produk/produk_7_6.webp
h***y;OPPO A18 4GB/128GB Smartphone (Garansi Resmi) XYZ8732OPVarian: Hitam;5;original asli, mantap.;
romadon;OPPO A3 8GB/128GB Online Exclusive (Garansi Resmi) - PromoVarian: Putih;5;barang sesuai. aman. mantap. datang lebih cepat dr prediksi. semoga awet.;gambar_produk/produk_7_8.webp
alexander;OPPO A3 8GB/128GB Online Exclusive (Garansi Resmi) - PromoVarian: Putih;5;Tidak ada ulasan;gambar_produk/produk_7_9.webp
Ali;HD Glass Screen Protector for OPPO A58;5;Susah cari yg pas buat A58. Akhirnya nemu di official store OPPO;gambar_produk/produk_8_0.webp
Totong;OPPO Reno12 F 8GB/256GB Smartphone (Garansi Resmi) XYZ8732OPVarian: Green;5;hp original.... berfungsi dengan baik;gambar_produk/produk_8_1.webp
i***a;[Kejar Diskon] OPPO Reno12 F 5G 12GB/256GB (Garansi Resmi)Varian: Hijau;5;sesuai deskripsi;gambar_produk/produk_8_2.webp
yuliana;[NEW] OPPO Reno13 F 5G 12GB/256GB & 8GB/256GB (Garansi Resmi)Varian: Ungu - 12GB+256GB;5;pengiriman cpt brang nyampek msh segel dn lngkap dg krtu gransi jg;gambar_produk/produk_8_3.webp
Adrian;OPPO A79 5G 8GB/256GB (Garansi Resmi)Varian: Hitam;5;Bagus;gambar_produk/produk_8_4.webp
I***a;OPPO A3 8GB/128GB Online Exclusive (Garansi Resmi) - PromoVarian: Putih;5;pengirimannya cepat, kondisi baik;gambar_produk/produk_8_5.webp
H***i;OPPO A79 5G 8GB/256GB (Garansi Resmi)Varian: Ungu;5;mantap, keren, barangnya oke banget;gambar_produk/produk_8_6.webp
Agung;OPPO VOOC TYPE-C CABLE DL129 WHITE;5;original asli. dari kualitas dan voic nyala;gambar_produk/produk_8_7.webp
Obed;[NEW] OPPO A3 8GB/128GB Online Exclusive (Garansi Resmi)Varian: Ungu;5;kerennnnnnnnnnnn;
original;" yaiyalah belinya di OPPO langsung hehehehe""";gambar_produk/produk_8_8.webp;;
Irwan;OPPO A18 4GB/128GB Smartphone (Garansi Resmi) XYZ8732OPVarian: Biru Muda;5;barang sesuai, garansi resmi, responnya cepet, terimakasih üòÅüòÅ;gambar_produk/produk_8_9.webp
D***a;HD Glass Screen Protector for OPPO A58;1;tisu basahnya sudah mengering, dan bawaan tempered glassnya ada sehelai rambut dan debu;gambar_produk/produk_9_0.webp
Y***a;OPPO A3x 4GB(+4GB)/128GB (Garansi Resmi) XYZ8732OPVarian: Biru;5;lucwulfig sohos 9hw uzigobwg zigobzkx sugivzv sigowbx xgohos9yw z7fuztjfb ig9xhohs;gambar_produk/produk_9_1.webp
Abdi;OPPO A18 4GB/128GB Smartphone (Garansi Resmi) XYZ8732OPVarian: Biru Muda;5;Pengiriman agak lambat, dan respon admin lambat;gambar_produk/produk_9_2.webp
H***f;HD Glass Screen Protector for OPPO A78;4;agak kecewa di bagian kamera depan nya ketutup tempered glass nya tapi gpp tetep gacorr;gambar_produk/produk_9_3.webp
H***f;OPPO A78 Diamond Protective Case;5;Keren euy tebel parah;gambar_produk/produk_9_4.webp
Afdell;OPPO A3 8GB/128GB Online Exclusive (Garansi Resmi) - PromoVarian: Ungu;5;proses agak lama, pengiriman aman, barang utuh diterima;gambar_produk/produk_9_5.webp
M***d;OPPO VOOC TYPE-C CABLE DL129 WHITE;5;Barang original dan berfungsi dengan baik serta vooc berjalan seperti kabel bawaan;gambar_produk/produk_9_6.webp
Cosmic;[NEW] OPPO A3 8GB/128GB Online Exclusive (Garansi Resmi)Varian: Putih;5;produk original sesuai deskripsi, segel utuh bergaransi, semoga awet sesuai rating mil-std nya...;gambar_produk/produk_9_7.webp
a***m;[NEW] OPPO A3 8GB/128GB Online Exclusive (Garansi Resmi)Varian: Hitam;4;bbbbbbbbbb bbbbbbbbbb bbbbbbbbbb bbbbbbbbbb bbbbbbbbbb bbbbbbbbbb bbbbbbbbbb bbbbbbbbbb bbbbbbbbbb;gambar_produk/produk_9_8.webp
S***n;OPPO A3 8GB/128GB Online Exclusive (Garansi Resmi) - PromoVarian: Hitam;5;barang original desain mantap...... terimakasih;gambar_produk/produk_9_9.webp
Dimas;[NEW] OPPO A3 8GB/128GB Online Exclusive (Garansi Resmi)Varian: Ungu;5;barang mantap ori;gambar_produk/produk_10_0.webp
ilyas;OPPO A3x 4GB(+4GB)/64GB (Garansi Resmi)  XYZ8732OPVarian: Merah;5;barang sesuai pesanan;gambar_produk/produk_10_1.webp
R***a;[NEW] OPPO A3 8GB/128GB Online Exclusive (Garansi Resmi)Varian: Hitam;4;Alhamdulillah sampai dengan selamat, terimakasih seller.;gambar_produk/produk_10_2.webp
a***n;[Kejar Diskon] OPPO A38 6GB/128GB (Garansi Resmi)Varian: Hitam;5;Pelayan nya sangat bagus , pengiriman juga satset .. pokoe mantapppp;gambar_produk/produk_10_3.webp
B***y;OPPO A5 Pro 5G 8GB+256GB (Garansi Resmi)Varian: Cokelat;5;Pengiriman cepat, barang segel utuh, bekerja dengan semestinya;gambar_produk/produk_10_4.webp
Roby;OPPO Half-Ear Earphones MH135 White 3.5mm;5;respond cepat dan packing rapih;gambar_produk/produk_10_5.webp
g***a;[NEW] OPPO A3 8GB/128GB Online Exclusive (Garansi Resmi)Varian: Ungu;5;Berfungsi dengan baik, pengiriman cepat;gambar_produk/produk_10_6.webp
wiwik;OPPO A38 4GB/128GB (Garansi Resmi)Varian: Hitam;5;barang bersegel, pengiriman cepat, trims;
P***o;OPPO A3 8GB/128GB Online Exclusive (Garansi Resmi)Varian: Hitam;5;Packing rapih, pengiriman cepet respon juga cepet, barang asil dan masih segel..üëçüèªüëçüèª;gambar_produk/produk_10_8.webp
N***a;OPPO A38 4GB/128GB (Garansi Resmi)Varian: Gold;3;Tidak ada ulasan;
D***a;OPPO Half-Ear Earphones MH135 White 3.5mm;5;kenapa ga dari tahun jebot aja gw beli headset beginian, gak nyesel pertama kali beli lsg dari official nya.;gambar_produk/produk_11_0.webp
S***h;OPPO A58 NFC 8GB/128GB (Garansi Resmi)Varian: Hijau+TebusMrh;5;HP ori dan spesifikasi sesuai deskripsi. Desain dan warnanya bagus. Pengiriman cepat dan dikonfirmasi dulu saat dikirim. üëç;gambar_produk/produk_11_1.webp
Yolla;OPPO Pad Air (Garansi Resmi)Varian: Grey;5;barang masih di segel. di bungkus dengan rapi. paking aman. segera dibuka, dicoba dan lancar. maaf baru review sekarang.;gambar_produk/produk_11_2.webp
Yulianto;OPPO A3 8GB/128GB Online Exclusive (Garansi Resmi)Varian: Ungu;5;ok, pengiriman cepat walau menjelang lebaran;gambar_produk/produk_11_3.webp
Lorensius;[PROMO] OPPO Reno11 5G 8GB/256GB (Garansi Resmi)Varian: Abu-abu;5;goid;
D***a;OPPO Reno11 5G 8GB/256GB (Garansi Resmi)Varian: Hitam;5;mantebh bener, transaksi lancar barang dikirim dengan baik;gambar_produk/produk_11_5.webp
Abdul;OPPO A60 8GB+8GB/128GB & 256GB (Garansi Resmi) XYZ8732OPVarian: Ungu 128GB;5;Terimakasih pesanan sudah sampai dan diterima dengan baik;gambar_produk/produk_11_6.webp
Taufiq;OPPO A3 8GB/128GB Online Exclusive (Garansi Resmi) - PromoVarian: Hitam;5;Mantaaaap sudah sampai pasti ory dapat softcase;gambar_produk/produk_11_7.webp
E***n;OPPO A79 5G 8GB/256GB (Garansi Resmi)Varian: Hitam;5;barang original, pengiriman cepat dan lumayan bonusannya terima kasih seller;gambar_produk/produk_11_8.webp
u***f;OPPO A78 8GB(+8GB)/256GB Smartphone (Garansi Resmi)Varian: Green;5;seller ramah. pengiriman cepat. kualitas barang sangat baik;gambar_produk/produk_11_9.webp
A***n;[NEW] OPPO A3 8GB/128GB Online Exclusive (Garansi Resmi)Varian: Ungu;5;Barang kondisi baik dan berfungsi dg normal;gambar_produk/produk_12_0.webp
H***f;OPPO A3 8GB/128GB Online Exclusive (Garansi Resmi) - PromoVarian: Hitam;5;Tidak ada ulasan;gambar_produk/produk_12_1.webp
W***i;[NEW] OPPO A3 8GB/128GB Online Exclusive (Garansi Resmi)Varian: Putih;5;pengalaman pertama beli gadget online .. ;
Alhamdulillah ; ORI masih segel dan berfungsi dengan baik ..;;;
"kurirnya juga langganan top banget""";gambar_produk/produk_12_2.webp;;;
Pande;[PROMO] OPPO Reno11 5G 8GB/256GB (Garansi Resmi)Varian: Hijau;5;barang masih tersegel dan packagingnya mantap sesuai dengan ekspektasi. cuma kurirnya saja yg agak lama pengirimannya.;
Rudi;OPPO A79 5G 8GB/256GB (Garansi Resmi)Varian: Hitam;5;pengiriman cepat seller fast respon dan barang tersegel dengan rapi (100%original) pastikan tambahkan asuransi dan proteksi biar tidak terjadi hal yg tidak terduga;gambar_produk/produk_12_4.webp
R***n;OPPO A3x 4GB(+4GB)/64GB (Garansi Resmi)  XYZ8732OPVarian: Biru;5;Packaging bagus, bersegel, lengkap.;
"cuman pengirimannya aja agak lelet""";gambar_produk/produk_12_5.webp;;;
Adi;OPPO A3x 4GB(+4GB)/128GB (Garansi Resmi) XYZ8732OPVarian: Biru;5;sesuai deskripsi dan ekspektasi..;
barang segel..;;;;
"pengiriman cukup cepat..""";gambar_produk/produk_12_6.webp;;;
Nina;OPPO A60 8GB+8GB/128GB & 256GB (Garansi Resmi) XYZ8732OPVarian: Ungu 256GB;5;Alhamdulillah.  cepat smp. sementara kondisi baik.;gambar_produk/produk_12_7.webp
m***d;[NEW] OPPO A3 8GB/128GB Online Exclusive (Garansi Resmi)Varian: Ungu;5;mantap, barang masih disegel, dobel safety, terimakasih;gambar_produk/produk_12_8.webp
Faiz;[NEW] OPPO A3 8GB/128GB Online Exclusive (Garansi Resmi)Varian: Putih;5;original;gambar_produk/produk_12_9.webp
Bagas;OPPO A3x 6GB/128GB Smartphone (Garansi Resmi) XYZ8732OPVarian: Biru;5;sesuai dan bekerja;gambar_produk/produk_13_0.webp
S***u;OPPO A78 8GB(+8GB)/256GB Smartphone (Garansi Resmi)Varian: Hijau+TebusMrh;5;barang segel utuh dpt bonus lumayan ... order tgl 3 pagi sampe semarang tgl 4 sore.. sempet ragu pakai sicepat krena sering molor berhari2 tapi kali ini best lah si cepat;gambar_produk/produk_13_1.webp
Dias;OPPO A58 NFC 8GB/128GB (Garansi Resmi)Varian: Hitam+TebusMrh;5;barang masih tersegel ,ori sesuai expektasi;
"toko nya cs ramah ..kurir amanah""";gambar_produk/produk_13_2.webp;;;
Dicki;[NEW] OPPO A3 8GB/128GB Online Exclusive (Garansi Resmi)Varian: Ungu;5;barang diterima masih segel,gak nyesel belanja di toko ini;gambar_produk/produk_13_3.webp
Dandy;OPPO A3 8GB/128GB Online Exclusive (Garansi Resmi) - PromoVarian: Ungu;5;Alhamdulillah semua aman, pengiriman juga cepat;gambar_produk/produk_13_4.webp
Andri;OPPO A3 8GB/128GB Online Exclusive (Garansi Resmi) - PromoVarian: Ungu;5;barang ori, ok lah üòÅ;gambar_produk/produk_13_5.webp
M***h;OPPO Half-Ear Earphones MH135 White 3.5mm;5;Kualitas barangnya benar-benar bagus;
Bassnya mantap;;;;
"Packing rapi dan aman""";gambar_produk/produk_13_6.webp;;;
Lukman;OPPO A78 8GB(+8GB)/256GB Smartphone (Garansi Resmi)Varian: Hijau+TebusMrh;5;thx, barang sudah diterima, barang aman, sesuai deskripsi, fast respon, pengiriman cepat, mantappüëçüëç;gambar_produk/produk_13_7.webp
didi;OPPO A5 Pro 5G 8GB+256GB (Garansi Resmi)Varian: Merah Muda;5;barang masih segel, sampai dengan aman, bonus enco buds 3 pro,  terbaik oppo store;gambar_produk/produk_13_8.webp
I***n;OPPO A78 8GB(+8GB)/256GB Smartphone (Garansi Resmi)Varian: Hijau+TebusMrh;5;fast respon dan memuaskan;gambar_produk/produk_13_9.webp
Siti;OPPO A18 4GB/128GB Smartphone (Garansi Resmi) XYZ8732OPVarian: Hitam;5;mantapppppp jangan ragu belanja di toko iniii;gambar_produk/produk_14_0.webp
F***n;[NEW] OPPO A3 8GB/128GB Online Exclusive (Garansi Resmi)Varian: Hitam;5;Tidak ada ulasan;gambar_produk/produk_14_1.webp
PURNAMA;OPPO Reno12 F 5G 12GB/256GB (Garansi Resmi) XYZ8732OPVarian: Green 256GB;5;belanja sangat puas, pelayanan toko sangat ramah serta barang cepat sampaiii;gambar_produk/produk_14_2.webp
Rudiana;OPPO A38 6GB/128GB (Garansi Resmi) - PromoVarian: Hitam;5;Sangat amanah... Barang Original sesuai pesanan;gambar_produk/produk_14_3.webp
T***s;[NEW] OPPO A3 8GB/128GB Online Exclusive (Garansi Resmi)Varian: Hitam;5;Barang masih disegel, pengiriman cepat. spek hp cocok sesuai harganga;gambar_produk/produk_14_4.webp
M***h;OPPO A18 4GB/128GB Smartphone (Garansi Resmi) - PromoVarian: Hitam;5;barang real pick banget..... sangat rekomendasi banget pokoknyaa..... ;
Terima kasih buat tokonya;;;;
"kurir ramah""";gambar_produk/produk_14_5.webp;;;
L***d;OPPO A58 NFC 8GB/128GB (Garansi Resmi)Varian: Hijau Muda;5;Tidak ada ulasan;gambar_produk/produk_14_6.webp
Sherry;[NEW] OPPO Reno13 5G 12GB/256GB (Garansi Resmi)Varian: Putih;5;Respon dan kecepatan pengiriman baik. Packing ok, meski ada penyok2 dikit tp produk dlm kondisi baik. Pasti ori. Bundling dgn Enco Air4. Harga lbh murah drpd di store. Sc...;
s***l;OPPO A3 Pro 5G 8GB/256GB Smartphone (Garansi Resmi) XYZ8732OPVarian: Hitam;5;Barang masih segel pengiriman cepat sampai semuanya ok... Mksh;
Deddy;OPPO A3 8GB/128GB Online Exclusive (Garansi Resmi) - PromoVarian: Ungu;5;Barang Produk Original. Bagus modelnya, berfungsi dengan baik. Pengiriman aman. Sampai dengan tepat waktu;gambar_produk/produk_14_9.webp
K***l;OPPO A5 Pro 5G 8GB+256GB (Garansi Resmi)Varian: Merah Muda;5;Barang bagus dan sampainya cepat. Pelayanan juga cepat dan sampai cepat;gambar_produk/produk_15_0.webp
Agung;OPPO A58 NFC 8GB/128GB (Garansi Resmi)Varian: Hijau+TebusMrh;5;barang telah diterima terimakasih bang kurir;gambar_produk/produk_15_1.webp
D***i;OPPO A38 4GB/128GB (Garansi Resmi)Varian: Gold;5;sesuai pesanan dan cepat sampai;gambar_produk/produk_15_2.webp
angelina;OPPO A3 8GB/128GB Online Exclusive (Garansi Resmi) - PromoVarian: Ungu;5;Sesuai pesanan,,,masih segel,,,packing super aman,,,dikirim super cepat,,,sdh dicoba pemakaian tanpa masalah,,,üëçüëçüëçterima kasih harga diskonnya dan pelayanan terbaiknya;gambar_produk/produk_15_3.webp
A***i;[NEW] OPPO A3 8GB/128GB Online Exclusive (Garansi Resmi)Varian: Hitam;5;Tidak ada ulasan;gambar_produk/produk_15_4.webp
T***y;[NEW] OPPO A3 8GB/128GB Online Exclusive (Garansi Resmi)Varian: Hitam;5;rapi;gambar_produk/produk_15_5.webp
Muhammad;[Kejar Diskon] OPPO A58 NFC 8GB/128GB (Garansi Resmi)Varian: Hitam;5;responnya cepet, habis mesen langsung di proses, 2 hari langsung sampai;
Ana;OPPO A3 8GB/128GB Online Exclusive (Garansi Resmi) - PromoVarian: Putih;5;barang masih segel dan packing juga masih terisolasi dengan baik, pengiriman cepat, pelayanan sangat baik;gambar_produk/produk_15_7.webp
S***o;OPPO A38 4GB/128GB (Garansi Resmi)Varian: Gold;5;Toko rekomended;gambar_produk/produk_15_8.webp
W***u;OPPO A58 NFC 8GB/128GB (Garansi Resmi)Varian: Hijau+TebusMrh;5;Barangnya uda sampai, packingnya aman dan kurirnya ramah;
"Terimakasih""";gambar_produk/produk_15_9.webp;;;
syafni;OPPO A58 NFC 8GB/128GB (Garansi Resmi)Varian: Hijau+TebusMrh;5;Alhamdulillah paket datang dengan aman , semoga awet;gambar_produk/produk_16_0.webp
Aditya;[NEW] OPPO A3 8GB/128GB Online Exclusive (Garansi Resmi)Varian: Putih;5;pengiriman cepat dan akurat. mantabbb bahh;gambar_produk/produk_16_1.webp
Rizky;OPPO A3x 4GB(+4GB)/64GB (Garansi Resmi)  XYZ8732OPVarian: Biru;5;barang nya asliiii;gambar_produk/produk_16_2.webp
Abud;[Promo] OPPO Reno12 F 5G 12GB/256GB (Garansi Resmi)Varian: Hijau;5;Karna Kebaikan Tuhan....semua berjalan dengan baik.;gambar_produk/produk_16_3.webp
A***O;[Promo] OPPO Reno12 F 5G 12GB/256GB (Garansi Resmi)Varian: Orange;5;Sesuai dengan ekspektasi, barang bersegel dan bergaransi;
f***h;OPPO A78 8GB(+8GB)/256GB Smartphone (Garansi Resmi)Varian: Hijau+TebusMrh;5;barang sesuai di foto, deskripsi dan dijamin original, terima kasih seller;gambar_produk/produk_16_5.webp
R***n;[PROMO] OPPO Reno11 5G 8GB/256GB (Garansi Resmi)Varian: Abu-abu;5;respon seller sangat baik, pengiriman pertama sempat tiba2 dicancel driver, lalu diproses ulang dan sudah sampai. packing aman, bagus. sudah dites ok, semoga awet. thanks...;
w***i;[Promo] OPPO Reno12 F 5G 12GB/256GB (Garansi Resmi)Varian: Orange;5;enaknya beli di official store..brg terjamin ori indo..segel...jaminan garansi oppo...perlayanan  cpt top ..gk nyesel deh;
Aan;OPPO A58 NFC 8GB/128GB (Garansi Resmi)Varian: Hijau+TebusMrh;5;barang sesuai;gambar_produk/produk_16_8.webp
Surya;OPPO A5 Pro 5G 8GB+256GB (Garansi Resmi)Varian: Cokelat;5;ox mantaapp;gambar_produk/produk_16_9.webp
Muhamad;OPPO A3 8GB/128GB Online Exclusive (Garansi Resmi)Varian: Ungu;5;Bagis;gambar_produk/produk_17_0.webp
S***O;OPPO A38 4GB/128GB (Garansi Resmi)Varian: Hitam;5;terimakasih.üëçüëçüëç;gambar_produk/produk_17_1.webp
L***y;OPPO A78 8GB(+8GB)/256GB Smartphone (Garansi Resmi)Varian: Green;5;oppo gitu loh.. ya pasti ok, apalagi ini official store.. cakep..;
packagingnya double wrap trs msk dus;" aman bgt.. top markotop dah""";gambar_produk/produk_17_2.webp;;
J***r;OPPO A38 6GB/128GB (Garansi Resmi) - PromoVarian: Gold;5;barang ok, pengiriman super cepat 2 hari sampe, semoga awet dipakai;gambar_produk/produk_17_3.webp
Mohammad;OPPO A60 8GB+8GB/128GB & 256GB (Garansi Resmi) XYZ8732OPVarian: Biru 256GB;5;respon cepat, pengiriman cepat dan komunikatif, semoga fitur nya baik;gambar_produk/produk_17_4.webp
agus;OPPO A38 4GB/128GB (Garansi Resmi)Varian: Gold;5;barang disegel rapi dan kemasan aman. ;
proses jg cepat.;;;;
" mksh seller üôè""";gambar_produk/produk_17_5.webp;;;
Adri;OPPO A78 5G 8GB/128GB Smartphone (Garansi Resmi)Varian: Hitam;5;Barang sesuai pesanan;
luthfi;OPPO A38 4GB/128GB (Garansi Resmi)Varian: Hitam;5;barangnya oke, kualitas nya mantap, pelayanan terbaik, ramah banget penjual nya. terima kasih.....;gambar_produk/produk_17_7.webp
Muhamad;OPPO A79 5G 8GB/256GB (Garansi Resmi)Varian: Ungu;5;barangnya bagus dan cepat sampainya terimakasih saya puas dengan kualitas barangnyaüôèüèªüòá;gambar_produk/produk_17_8.webp
Dito;[Promo] OPPO Reno12 F 5G 12GB/256GB (Garansi Resmi)Varian: Orange;5;Oke bagus 99.99%;
packing; asli dll ;;;
"good üëç""";gambar_produk/produk_17_9.webp;;;
Hilda;[NEW] OPPO A3 8GB/128GB Online Exclusive (Garansi Resmi)Varian: Hitam;5;barang bagus dan mulus, lengkap semua, pengiriman dan respon seller cepat;gambar_produk/produk_18_0.webp
Doni;OPPO A5 Pro 5G 8GB+256GB (Garansi Resmi)Varian: Merah Muda;5;respon cepat, sampai barangnya cepat, rapih bungkusnya diperiksa kelengkapan unit ok, segel dan masih baru bonusnya juga ada. manteb;gambar_produk/produk_18_1.webp
Zegood;OPPO A18 4GB/128GB Smartphone (Garansi Resmi) - PromoVarian: Hitam;5;Mantap...barang datang sesuai pesanan dan cepat.;gambar_produk/produk_18_2.webp
Hendra;OPPO A18 4GB/128GB Smartphone (Garansi Resmi) - PromoVarian: Biru;5;terimakasih kka nanti saya order lagi .üôèüôè;gambar_produk/produk_18_3.webp
L***a;[NEW] OPPO A3 8GB/128GB Online Exclusive (Garansi Resmi)Varian: Hitam;5;barang oke berfungsi dengan baik;gambar_produk/produk_18_4.webp
Jeni;[Promo] OPPO Reno12 F 5G 12GB/256GB (Garansi Resmi)Varian: Hijau;5;terima kasih 'seller'..ASLI OPPO dan MASIH di SEGEL..dpt harga PROMO pula';gambar_produk/produk_18_5.webp
Jeni;[Promo] OPPO Reno12 F 5G 12GB/256GB (Garansi Resmi)Varian: Hijau;5;terima kasih 'seller'..ASLI OPPO dan MASIH di SEGEL;gambar_produk/produk_18_6.webp
Jeni;[Promo] OPPO Reno12 F 5G 12GB/256GB (Garansi Resmi)Varian: Orange;5;terima kasih 'seller'..dpt harga promo,ASLI OPPO dan MASIH di SEGEL.buat kasih keponakan yg masih kls 1 SMP.pastinya senang,dikasih hp baru‚ò∫Ô∏è;gambar_produk/produk_18_7.webp
s***o;OPPO A78 8GB(+8GB)/256GB Smartphone (Garansi Resmi)Varian: Hijau+TebusMrh;5;ok mantap coco sesuai diskripsi yang ada;gambar_produk/produk_18_8.webp
rohman;[NEW] OPPO A3 8GB/128GB Online Exclusive (Garansi Resmi)Varian: Ungu;5;barang sesuai diskripsi oke mantap;gambar_produk/produk_18_9.webp
Hendri;[Promo] OPPO Reno12 F 5G 12GB/256GB (Garansi Resmi)Varian: Hijau;5;barang original. cepat sampe. memuaskan;gambar_produk/produk_19_0.webp
Inge;[PROMO] OPPO Reno11 5G 8GB/256GB (Garansi Resmi)Varian: Hijau;5;Bagusss, gak nyesel deh. Warna ijonya bagus gak norak. Top markotop. Layarnya jg full, Bener2 bagusss polll. Gak nyesel deh sebagai pecinta oppo;gambar_produk/produk_19_1.webp
F***y;OPPO A18 4GB/128GB Smartphone (Garansi Resmi) - PromoVarian: Hitam;5;Tidak ada ulasan;gambar_produk/produk_19_2.webp
Ghesa;OPPO A79 5G 8GB/256GB (Garansi Resmi)Varian: Hitam;5;Oppo memang tidak pernah mengecewakanü§©ü§©ü§©üòç;gambar_produk/produk_19_3.webp
David;[Promo] OPPO Reno12 F 5G 12GB/256GB (Garansi Resmi)Varian: Hijau;5;Packing sangat baik dan Aman, barang diterima Dalam keadaan baik pula sesuai pesanan. Terimakasih;gambar_produk/produk_19_4.webp
D***i;OPPO A3 8GB/128GB Online Exclusive (Garansi Resmi) - PromoVarian: Putih;5;barang masih tersegel, dan dibungkus buble wrap...ao far no problem;gambar_produk/produk_19_5.webp
Bims;OPPO A79 5G 8GB/256GB (Garansi Resmi)Varian: Ungu;5;puas pelayanan sangat baik;gambar_produk/produk_19_6.webp
JayGt;OPPO A38 4GB/128GB (Garansi Resmi)Varian: Gold;5;mantap. barang sesuai. ori;gambar_produk/produk_19_7.webp
Riki;OPPO A58 NFC 8GB/128GB (Garansi Resmi)Varian: Hijau Muda;5;terima kasih. packing super aman, segel utuh. berfungsi baik. semoga awet.;gambar_produk/produk_19_8.webp
SUTIAWAN;OPPO A18 4GB/128GB Smartphone (Garansi Resmi) XYZ8732OPVarian: Hitam;5;emang sih toko resmi, udah pasti top;gambar_produk/produk_19_9.webp
S***I;OPPO Reno11 5G 8GB/256GB (Garansi Resmi)Varian: Hijau;5;Barang sdh diterima dan sesuai dengan deskripsi pesanan. Pengiriman cepat dan packing safety.;gambar_produk/produk_20_0.webp
Reni;OPPO A3x 6GB/128GB Smartphone (Garansi Resmi) XYZ8732OPVarian: Merah;4;ya;gambar_produk/produk_20_1.webp
m***h;OPPO A18 4GB/128GB Smartphone (Garansi Resmi) - PromoVarian: Hitam;5;barang realpick banget......pokoknya memuaskan sekali.....;
trima kasih buat OPO;;;;
"sukses selalu""";gambar_produk/produk_20_2.webp;;;
m***h;OPPO A18 4GB/128GB Smartphone (Garansi Resmi) - PromoVarian: Biru;5;barang dateng dengan selamat..,;
sangat rekomendasi bgt.....;;;;
trimakasih buat tokopedia;;;;
"kurir ramah""";gambar_produk/produk_20_3.webp;;;
Bambang;[Promo] OPPO Reno12 F 5G 12GB/256GB (Garansi Resmi)Varian: Orange;5;Alhamdulillah... paket sudah diterima dan kondisi barang sesuai dengan harapan. keren . semoga awet. tks seller dan Abang grab nya üôèüëçüëç;gambar_produk/produk_20_4.webp
U***o;[PROMO] OPPO Reno11 5G 8GB/256GB (Garansi Resmi)Varian: Hijau;5;Barang bagus, full segel, cepat sampai, recommended seller;
"Jangan pernah ragu untuk beli di sini karena barangnya original asli dan berkualitas""";gambar_produk/produk_20_5.webp;;;
Z***i;[NEW] OPPO A3 8GB/128GB Online Exclusive (Garansi Resmi)Varian: Ungu;5;good;gambar_produk/produk_20_6.webp
Hendro;OPPO A5 Pro 5G 8GB+256GB (Garansi Resmi)Varian: Merah Muda;5;Barang bagus. garansi resmi ada bonus headset bt. mantap;gambar_produk/produk_20_7.webp
Junaidi;OPPO A79 5G 8GB/256GB (Garansi Resmi)Varian: Ungu;5;Jazakumullaahu Khoiran Katsiran .....;gambar_produk/produk_20_8.webp
asep;[NEW] OPPO A3 8GB/128GB Online Exclusive (Garansi Resmi)Varian: Hitam;5;mantap segel fress;gambar_produk/produk_20_9.webp
Ai;OPPO A78 8GB(+8GB)/256GB Smartphone (Garansi Resmi)Varian: Green;5;barang masih di segel berfungsi dengan baik;gambar_produk/produk_21_0.webp
Ahmad;[NEW] OPPO A3 8GB/128GB Online Exclusive (Garansi Resmi)Varian: Hitam;5;packing aman bunle tebal dus standart. Terima kasih;gambar_produk/produk_21_1.webp
Nur;[NEW] OPPO Reno13 5G 12GB/256GB (Garansi Resmi)Varian: Biru;5;datang di hari yg sama, makasi oppo, hp nya ok bgt;gambar_produk/produk_21_2.webp
Nita;[NEW] OPPO A3 8GB/128GB Online Exclusive (Garansi Resmi)Varian: Ungu;5;Alhamdulillah, barang sdh smp kondisi mulus;gambar_produk/produk_21_3.webp
N***r;OPPO A78 8GB(+8GB)/256GB Smartphone (Garansi Resmi)Varian: Hijau+TebusMrh;5;Aman sampai rumah semoga awet tahan lama,toko seler ,pedia, kurirnya semoga lancar sukses  Terimakasih üôèüôè;gambar_produk/produk_21_4.webp
F***l;OPPO A5 Pro 5G 8GB+256GB (Garansi Resmi)Varian: Merah Muda;5;baguus dan sesuai pesanan;gambar_produk/produk_21_5.webp
Darius;[NEW] OPPO Reno13 5G 12GB/256GB (Garansi Resmi)Varian: Putih;5;Barang adalah BNIB. Bergaransi resmi. Berfungsi dengan baik.;gambar_produk/produk_21_6.webp
Afrizal;OPPO A58 NFC 8GB/128GB (Garansi Resmi)Varian: Hitam;5;barang real original mantapp tks ya;gambar_produk/produk_21_7.webp
Untung;OPPO A58 NFC 8GB/128GB (Garansi Resmi)Varian: Hijau+TebusMrh;5;kelas....packing savety banget...terima kasih;gambar_produk/produk_21_8.webp
E***a;[Promo] OPPO Reno12 F 5G 12GB/256GB (Garansi Resmi)Varian: Hijau;5;Brg ok. Pengiriman cepet bgt;gambar_produk/produk_21_9.webp
m***h;[NEW] OPPO A3 8GB/128GB Online Exclusive (Garansi Resmi)Varian: Ungu;5;Barang realpick banget,.,sangat rekomendasi....;
"bagus dan sangat memuaskan sekali""";gambar_produk/produk_22_0.webp;;;
t***h;OPPO A78 8GB(+8GB)/256GB Smartphone (Garansi Resmi)Varian: Hijau+TebusMrh;5;mantap.;
pengiriman cepat.;;;;
packing aman banget.;;;;
"barangya keren Asli.. recomended""";gambar_produk/produk_22_1.webp;;;
Darwin;OPPO A5 Pro 5G 8GB+256GB (Garansi Resmi)Varian: Cokelat;5;Mantap;gambar_produk/produk_22_2.webp
D***o;OPPO A38 4GB/128GB (Garansi Resmi)Varian: Hitam;5;alhamdulilah,sudah yampek, pengiriman cepatüëçüëçüëç;gambar_produk/produk_22_3.webp
M***d;OPPO A5 Pro 5G 8GB+256GB (Garansi Resmi)Varian: Cokelat;5;fast respons, fast delivery;
"semoga barang juga fast n good seperti di iklan nya""";gambar_produk/produk_22_4.webp;;;
Deki;OPPO A38 4GB/128GB (Garansi Resmi)Varian: Gold;5;pengiriman cepat dan Rapi sekali sangat suka sekaliii belanja di sini;gambar_produk/produk_22_5.webp
Cahyo;OPPO A38 4GB/128GB (Garansi Resmi)Varian: Hitam;5;barang masih segel,,,sesuai deskripsi;gambar_produk/produk_22_6.webp
Dendy;OPPO A79 5G 8GB/256GB (Garansi Resmi)Varian: Hitam;5;Bagus barangnya dan cepat kirimnya;gambar_produk/produk_22_7.webp
Ria;OPPO A58 NFC 8GB/128GB (Garansi Resmi)Varian: Hijau+TebusMrh;5;barang ok;gambar_produk/produk_22_8.webp
Sigit;OPPO A58 NFC 8GB/128GB (Garansi Resmi)Varian: Hijau Muda;5;mantabss;gambar_produk/produk_22_9.webp
T***s;[PROMO] OPPO Reno11 5G 8GB/256GB (Garansi Resmi)Varian: Abu-abu;5;paket 1 Unit Smartphone Oppo Reno11 5G 8/256GB warna: Rock Grey sudah sampai, produk Original dan tersegel, pengiriman cepat dan aman. Terima kasih;gambar_produk/produk_23_0.webp
Adinda;[Promo] OPPO Reno12 F 5G 12GB/256GB (Garansi Resmi)Varian: Orange;5;alhamdulillah amanah... barang bagus..;gambar_produk/produk_23_1.webp
Rahma;OPPO A3 8GB/128GB Online Exclusive (Garansi Resmi)Varian: Ungu;5;Cepet banget barang original;gambar_produk/produk_23_2.webp
O***v;[NEW] OPPO A3 8GB/128GB Online Exclusive (Garansi Resmi)Varian: Ungu;5;Jaketnya keren. Bahan kualitas bagus. Design cakep. üëçüèºüëçüèº;gambar_produk/produk_23_3.webp
F***y;OPPO A3 8GB/128GB Online Exclusive (Garansi Resmi)Varian: Ungu;5;barang sudah diterima dengan baik, kualitas baik, pengiriman baik;gambar_produk/produk_23_4.webp
D***a;[NEW] OPPO A3 8GB/128GB Online Exclusive (Garansi Resmi)Varian: Ungu;5;Barang msh segel, ada garansi resmi, tapi pengiriman lumayan lama.;gambar_produk/produk_23_5.webp
Y***s;OPPO A3 8GB/128GB Online Exclusive (Garansi Resmi)Varian: Hitam;5;barang ori , terimakasih oppo;gambar_produk/produk_23_6.webp
Mass;OPPO A38 4GB/128GB (Garansi Resmi)Varian: Gold;5;barang bersegel dan berbungkus plastik...pengiriman cepat dan aman..sukses buat sellernya;gambar_produk/produk_23_7.webp
topid;OPPO A3x 4GB(+4GB)/64GB (Garansi Resmi)  XYZ8732OPVarian: Biru;5;Tidak ada ulasan;gambar_produk/produk_23_8.webp
s***n;OPPO A78 8GB(+8GB)/256GB Smartphone (Garansi Resmi)Varian: Hijau+TebusMrh;5;barang cepat sampai, packing aman.;
barang segel dari baru beserta bonusnya;" semoga awet.""";gambar_produk/produk_23_9.webp;;
Frandi;[Promo] OPPO Reno12 F 5G 12GB/256GB (Garansi Resmi)Varian: Hijau;5;barang datang lebih cepat dr perkiraan. masih tersegel. sudah unboxing dan aman. belum dinyalakan.;gambar_produk/produk_24_0.webp
Tedy;OPPO A78 8GB(+8GB)/256GB Smartphone (Garansi Resmi)Varian: Green;5;admin fast respon, tp pengiriman lumayan lama, barang segel masih fresh packing aman;gambar_produk/produk_24_1.webp
Mochamad;OPPO Cable DL201 USB A To USB-C 6.5A (2M);5;Barang sampai dengan keadaan baik. Tinggal di coba aja.;gambar_produk/produk_24_2.webp
Hanif;OPPO A78 8GB(+8GB)/256GB Smartphone (Garansi Resmi)Varian: Hijau+TebusMrh;5;Barang datang dengan aman dan sdh digunakan, hanya saja untuk sekelas pembelian HP packing nya terhitung ringkih beresiko robek.;gambar_produk/produk_24_3.webp
Totok;OPPO A18 4GB/128GB Smartphone (Garansi Resmi) XYZ8732OPVarian: Biru Muda;5;segel..mantap sekali;gambar_produk/produk_24_4.webp
Septian;OPPO A58 NFC 8GB/128GB (Garansi Resmi)Varian: Hitam+TebusMrh;5;sesuai deskripsi, barang berfungsi dengan sempurna, packing sangat aman, recommend seller;gambar_produk/produk_24_5.webp
L***y;[NEW] OPPO A3 8GB/128GB Online Exclusive (Garansi Resmi)Varian: Putih;5;Kardusnya penyok, tapi kemasan hpnya masih mulus. Untung saja masih aman.;gambar_produk/produk_24_6.webp
E***x;OPPO A5 Pro 5G 8GB+256GB (Garansi Resmi)Varian: Cokelat;5;Hp sudah sampai tanpa kekurangan apapun.;
Sesuai deskripsi dan pesanan.;;;;
Untuk kualitas OPPO tidak perlu diragukan lagi.;;;;
Dapat bonus Enco Buds3 Pro.;;;;
"Belum dicoba secara kes...""";gambar_produk/produk_24_7.webp;;;
Muhamad;[NEW] OPPO A3 8GB/128GB Online Exclusive (Garansi Resmi)Varian: Ungu;5;barang segel,pengiriman cepat,produk ori,mantap lah;gambar_produk/produk_24_8.webp
Budi;OPPO Half-Ear Earphones MH135 White 3.5mm;5;good;gambar_produk/produk_24_9.webp
Asep;OPPO A5 Pro 5G 8GB+256GB (Garansi Resmi)Varian: Cokelat;5;mantapppp hp nya;gambar_produk/produk_25_0.webp
Farid;OPPO A5 Pro 5G 8GB+256GB (Garansi Resmi)Varian: Merah Muda;5;produk sesuai deskripsi dan pengiriman juga cepat sekali;gambar_produk/produk_25_1.webp
Yogie;OPPO Enco Air4 (Garansi Resmi);4;belum sempat pakai, kurir kasih hilang. hadeuhhh;gambar_produk/produk_25_2.webp
uncle;[Promo] OPPO Reno12 F 5G 12GB/256GB (Garansi Resmi)Varian: Orange;5;super super nih seller, gercep, brg sampai sesuai harapan. skrg  prepare pemindahan data, thx y;gambar_produk/produk_25_3.webp
T***y;OPPO A3 8GB/128GB Online Exclusive (Garansi Resmi) - PromoVarian: Ungu;1;Produk sih bagus ya;
;;;;
Tapi saya pelayanan di sisi online chat mengecewakan.;;;;
;;;;
Disatu sisi lainnya harga setelah cek out ketika di cek kembali;" harganya berubah dari 2099 me...""";gambar_produk/produk_25_4.webp;;
H***y;OPPO A78 8GB(+8GB)/256GB Smartphone (Garansi Resmi)Varian: Green;5;alhamdulillah oppo A78 dah sampe gan, diterima dalam keadaan aman. ;
untuk mengaktifkan garansi mohon arahan ya gan.. ;;;;
"sekali lagi terima kasih gan atas ketepatan dalam pe...""";gambar_produk/produk_25_5.webp;;;
Andi;[Promo] OPPO Reno12 F 5G 12GB/256GB (Garansi Resmi)Varian: Hijau;5;paket sudah saya terima, kondisi barang masih segel dan sesuai dengan pesanan, ini pembelian ke dua saya di Oppo store.....;gambar_produk/produk_25_6.webp
S***i;[NEW] OPPO A3 8GB/128GB Online Exclusive (Garansi Resmi)Varian: Hitam;5;barang bagus bingits. ORI kayaknya;gambar_produk/produk_25_7.webp
Fiona;[NEW] OPPO Reno13 5G 12GB/256GB (Garansi Resmi)Varian: Putih;5;memuaskan;gambar_produk/produk_25_8.webp
Edi;OPPO Half-Ear Earphones MH135 White 3.5mm;4;mantap. suara jernih;gambar_produk/produk_25_9.webp
KISTAM;[PROMO] OPPO Reno11 5G 8GB/256GB (Garansi Resmi)Varian: Hijau;5;Mantap barang sampe dengan selamat,masih segel juga siip puas belanja di sini;gambar_produk/produk_26_0.webp
E***t;[NEW] OPPO A3 8GB/128GB Online Exclusive (Garansi Resmi)Varian: Hitam;5;fast respons, delevery in right time. Thank you;gambar_produk/produk_26_1.webp
Hendra;OPPO A18 4GB/128GB Smartphone (Garansi Resmi) - PromoVarian: Biru;5;terimakasih ya kka lain waktu saya order lagi;gambar_produk/produk_26_2.webp
Atmaja;[NEW] OPPO A3 8GB/128GB Online Exclusive (Garansi Resmi)Varian: Hitam;5;Tidak ada ulasan;gambar_produk/produk_26_3.webp
T***y;[NEW] OPPO A3 8GB/128GB Online Exclusive (Garansi Resmi)Varian: Hitam;5;packing aman;gambar_produk/produk_26_4.webp
Muhammad;OPPO A18 4GB/128GB Smartphone (Garansi Resmi) - PromoVarian: Biru;5;mantab barang original,responsif seller.moga ga ada kendala.slebihnya ok;gambar_produk/produk_26_5.webp
maryoto;OPPO A3 8GB/128GB Online Exclusive (Garansi Resmi) - PromoVarian: Ungu;5;barang sesuai ada gransi resmi dan cepet sampainya mas kurirnya juga ramah;gambar_produk/produk_26_6.webp
C***f;[NEW] OPPO A3 8GB/128GB Online Exclusive (Garansi Resmi)Varian: Ungu;5;Barang bagus, sesuai deskripsi, respon penjual juga cepat dan pengiriman juga cepat bgt. Terimakasih oppo;gambar_produk/produk_26_7.webp
G***n;[PROMO] OPPO Reno11 5G 8GB/256GB (Garansi Resmi)Varian: Hijau;5;sipp;gambar_produk/produk_26_8.webp
D***n;[NEW] OPPO A3 8GB/128GB Online Exclusive (Garansi Resmi)Varian: Ungu;5;mantab admin nya ramah....;
kurirnya ramah;;;;
expedisinya cepat;;;;
"pokoknya gk nyesel belanja disini ya...""";gambar_produk/produk_26_9.webp;;;
azzahra;OPPO A78 8GB(+8GB)/256GB Smartphone (Garansi Resmi)Varian: Hijau+TebusMrh;5;barang masih segel. ;
original OPPO dan dapat  bonusan nya juga. ;;;;
"puas pokoknya  mah""";gambar_produk/produk_27_0.webp;;;
dede;OPPO A3 8GB/128GB Online Exclusive (Garansi Resmi) - PromoVarian: Ungu;5;barang sesuai, bagus;gambar_produk/produk_27_1.webp
Bayu;HD Glass Screen Protector for OPPO A58;4;bagus ;
dengan harga segini ;;;;
packaging nya bagus ;;;;
"aga kurang presisi sedikit""";gambar_produk/produk_27_2.webp;;;
m***d;OPPO A38 4GB/128GB (Garansi Resmi)Varian: Gold;5;Tidak ada ulasan;gambar_produk/produk_27_3.webp
Rimbun;OPPO Half-Ear Earphones MH135 White 3.5mm;5;mantap;gambar_produk/produk_27_4.webp
Insan;OPPO A79 5G 8GB/256GB (Garansi Resmi)Varian: Ungu;5;barang segel, cuma kurang aman di packing. saran di tambahin buble warp. baru buka belum test semua. tq seller and tokped;gambar_produk/produk_27_5.webp
Suparjono;OPPO A78 8GB(+8GB)/256GB Smartphone (Garansi Resmi)Varian: Green;5;Alhamdulillah, sudah sampai...mantep...;gambar_produk/produk_27_6.webp
D***a;OPPO Half-Ear Earphones MH135 White 3.5mm;5;semoga awet deh;gambar_produk/produk_27_7.webp
Hendro;[NEW] OPPO A3 8GB/128GB Online Exclusive (Garansi Resmi)Varian: Ungu;5;Barang bagus. Garansi resmi. mantap;gambar_produk/produk_27_8.webp
Eko;[NEW] OPPO A3 8GB/128GB Online Exclusive (Garansi Resmi)Varian: Ungu;5;mantap,...... barang ORI dan msh segel üëçüëçüëç;gambar_produk/produk_27_9.webp
Sound;OPPO A78 8GB(+8GB)/256GB Smartphone (Garansi Resmi)Varian: Hijau+TebusMrh;5;di terima dengan baik.. thx..;gambar_produk/produk_28_0.webp
asep;OPPO A78 Diamond Protective Case;5;barang Bagus bnget...;gambar_produk/produk_28_1.webp
Lisman;[Promo] OPPO Reno12 F 5G 12GB/256GB (Garansi Resmi)Varian: Hijau;5;barang original, bagus dan sesuai dengan deskripsinya.;gambar_produk/produk_28_2.webp
Nurkowimah;OPPO A18 4GB/128GB Smartphone (Garansi Resmi) XYZ8732OPVarian: Hitam;5;barang bagus tapi gak tau ya soal nya baru pertama kali beli di online semoga aja awet;
toko amanah;" cuman paket nya dilempar kedalam pagar gak sempat nemuin kurirnya""";gambar_produk/produk_28_3.webp;;
Teten;OPPO A60 8GB+8GB/128GB & 256GB (Garansi Resmi) XYZ8732OPVarian: Biru 128GB;5;bagus...ori....sangat puas;gambar_produk/produk_28_4.webp
Achmad;OPPO A60 8GB+8GB/128GB & 256GB (Garansi Resmi) XYZ8732OPVarian: Biru 256GB;5;terima kasih ka,pengiriman cepat barang sesuai;gambar_produk/produk_28_5.webp
Erwinsolehpermana;OPPO A78 8GB(+8GB)/256GB Smartphone (Garansi Resmi)Varian: Hijau+TebusMrh;5;Alhamdulillah barangnya maaanntaaaaap kereeeen abis asli original tidak ada keraguan lagi ditambah hadiah HD Glass Screen protector +case A78 bundling dari Oppo ,Paket ce...;gambar_produk/produk_28_6.webp
Tsaniya;[NEW] OPPO A3 8GB/128GB Online Exclusive (Garansi Resmi)Varian: Ungu;5;bagus pelayanan TOP;gambar_produk/produk_28_7.webp
s***l;OPPO A38 4GB/128GB (Garansi Resmi)Varian: Hitam;5;pembelian untuk k 4 kali nya hasil memuaskan;gambar_produk/produk_28_8.webp
Lukman;OPPO A38 6GB/128GB (Garansi Resmi) - PromoVarian: Gold;5;hp nya oke, aman, pengiriman juga cepat.;
mohon maaf baru konfirmasi;" habis di tes dulu""";gambar_produk/produk_28_9.webp;;
W***O;OPPO A78 8GB(+8GB)/256GB Smartphone (Garansi Resmi)Varian: Hijau+TebusMrh;5;Barang pesanan diterima dengan kondisi baik disegel dibungkus bubble wrap, sudah dicoba barang nya berfungsi dengan baik dan bagus. Sudah pasti original, recommended beli...;gambar_produk/produk_29_0.webp
M***A;[PROMO] OPPO Reno11 5G 8GB/256GB (Garansi Resmi)Varian: Abu-abu;5;sayangnya softcasenya ga ada .;gambar_produk/produk_29_1.webp
Helmy;OPPO A79 5G 8GB/256GB (Garansi Resmi)Varian: Ungu;5;mantabbbb;gambar_produk/produk_29_2.webp
Moria;OPPO Half-Ear Earphones MH135 White 3.5mm;5;suara jernih n kencang;gambar_produk/produk_29_3.webp
Dedi;OPPO A79 5G 8GB/256GB (Garansi Resmi)Varian: Hitam;5;HP ori masih segel, semoga awet;gambar_produk/produk_29_4.webp
Nunik;[NEW] OPPO A3 8GB/128GB Online Exclusive (Garansi Resmi)Varian: Hitam;5;bagus ori;gambar_produk/produk_29_5.webp
Ntoxs;[Promo] OPPO Reno12 F 5G 12GB/256GB (Garansi Resmi)Varian: Hijau;5;mantullll;gambar_produk/produk_29_6.webp
Moh;[NEW] OPPO Reno13 F 5G 12GB/256GB & 8GB/256GB (Garansi Resmi)Varian: Hitam - 12GB+256GB;5;Oppo the best;gambar_produk/produk_29_7.webp
Bayu;OPPO Half-Ear Earphones MH135 White 3.5mm;5;Kualitas Mantap....;
;;;;
"tapi saat diterima posisi lakban sudah terbuka....""";gambar_produk/produk_29_8.webp;;;
Danius;OPPO A78 8GB(+8GB)/256GB Smartphone (Garansi Resmi)Varian: Hitam+TebusMrh;5;jumlah item diterima lengkap.;
Packing aman pakai bubble wrap dan dus.;;;;
"Produk saya terima dalam kondisi disegel.""";gambar_produk/produk_29_9.webp;;;
Yuli;[NEW] OPPO A3 8GB/128GB Online Exclusive (Garansi Resmi)Varian: Hitam;5;barang sesuai dan mantap, next order lagi üëç;gambar_produk/produk_30_0.webp
R***a;OPPO Enco Air4 (Garansi Resmi);5;Mantabbb... suara bass nendang.. jernih..;
"Ga ada kabel charger nya..""";gambar_produk/produk_30_1.webp;;;
D***y;OPPO A58 NFC 8GB/128GB (Garansi Resmi)Varian: Hitam+TebusMrh;5;Barang bagus, tidak lecet, lama di pengirimann saja;gambar_produk/produk_30_2.webp
W***s;OPPO A3x 4GB(+4GB)/64GB (Garansi Resmi)  XYZ8732OPVarian: Biru;5;manttap..bagus;
"msh segel""";gambar_produk/produk_30_3.webp;;;
N***k;[NEW] OPPO A3 8GB/128GB Online Exclusive (Garansi Resmi)Varian: Ungu;5;bagus, kirain kecil trnyata besar hp nya. semoga awet;gambar_produk/produk_30_4.webp
Suwarno;[Promo] OPPO Reno12 F 5G 12GB/256GB (Garansi Resmi)Varian: Hijau;5;alhamdulilah sesuai deskripsi,rekomended seller;gambar_produk/produk_30_5.webp
Jainal;OPPO A60 8GB+8GB/128GB & 256GB (Garansi Resmi) XYZ8732OPVarian: Biru 128GB;5;Barang ori. kemasan aman, dilengkapi bubble wrap;gambar_produk/produk_30_6.webp
Purwadi;OPPO A38 4GB/128GB (Garansi Resmi)Varian: Gold;5;masih tersegel kondisi baru . tp blm di jajal;gambar_produk/produk_30_7.webp
N***e;OPPO Reno11 Pro 12GB/512GB (Garansi Resmi)Varian: Hitam;5;barang sesuai gambar, bagus, mulus, tidak ada kendala, seller ok, kurir ok. mantap;
D***r;OPPO A78 8GB(+8GB)/256GB Smartphone (Garansi Resmi)Varian: Hijau+TebusMrh;5;mantap, aman, dan admin balasnya cepet, semoga awet;gambar_produk/produk_30_9.webp
d***i;[NEW] OPPO A3 8GB/128GB Online Exclusive (Garansi Resmi)Varian: Hitam;5;barang masih di kardus dan gak rusak bungkusnya rapi, dalm dikasih bubel juga,  masih segel juga , trimakasih;gambar_produk/produk_31_0.webp
t***a;[NEW] OPPO A3 8GB/128GB Online Exclusive (Garansi Resmi)Varian: Hitam;5;untuk harga segitu spek nya masih kurang bgt, mendingan beli xiaomi redmi note 13 yg skg cm 1.8jt;
"atau nambah ke redmi note 14 diharga 2.4""";gambar_produk/produk_31_1.webp;;;
Muhamad;OPPO A79 5G 8GB/256GB (Garansi Resmi)Varian: Hitam;5;barang sudah samai dengan selamat, kondisi unit aman tanpa kendala, hanya saja kardus packing seperti barang tertindih banyak penyok disetiap sudut hancur seperti habis d...;gambar_produk/produk_31_2.webp
safrodin;OPPO A38 4GB/128GB (Garansi Resmi)Varian: Hitam;5;Barang sudah datang dalam kondisi baik,respon penjual ramah dan cepat;
"Barang original oppo""";gambar_produk/produk_31_3.webp;;;
Yeni;OPPO A38 6GB/128GB (Garansi Resmi) XYZ8732OPVarian: Hitam;5;barang sudah sampai,pengiriman cepat,barang bagusss dan tersegel amaannnn,terimakasih Ramadhan kareem;gambar_produk/produk_31_4.webp
Kartono;OPPO A78 8GB(+8GB)/256GB Smartphone (Garansi Resmi)Varian: Hitam;5;order yg ke dua kali nya dan barang 100% ori;gambar_produk/produk_31_5.webp
Hasan;OPPO A18 4GB/128GB Smartphone (Garansi Resmi) XYZ8732OPVarian: Biru Muda;5;mantap;gambar_produk/produk_31_6.webp
Budhi;OPPO VOOC TYPE-C CABLE DL129 WHITE;5;sesuai dengan deskripsi produknya sangat rekomendasi terimakasih banyak;gambar_produk/produk_31_7.webp
Ananda;OPPO A3 8GB/128GB Online Exclusive (Garansi Resmi) - PromoVarian: Hitam;5;terima kasih banyak kaka yang baik atas quick response dan ketersediaan produknya.. barang sampai dengan selamat dan sudah sesuai..;gambar_produk/produk_31_8.webp
Shanti;OPPO Reno10 5G | Reno10 Pro 5G Diamond Protective Case;5;mantap bgt.. suka casenya;
Ishak;OPPO Enco Air4 (Garansi Resmi);5;Pengiriman terbilang cepat dalam 3 hari alhamdulillah barang sampai dengan selamat. Kardus packing nya tipis tapi kebantu sama bubble wrap tebel di dalam nya jadi paket a...;gambar_produk/produk_32_0.webp
Geraldo;[NEW] OPPO Reno13 5G 12GB/256GB (Garansi Resmi)Varian: Biru;5;mantapp, respon cepat, barang ORI;gambar_produk/produk_32_1.webp
Reza;OPPO A78 8GB(+8GB)/256GB Smartphone (Garansi Resmi)Varian: Hitam+TebusMrh;5;mantap sesuai,;
"pengiriman cepat üëç""";gambar_produk/produk_32_2.webp;;;
H***d;OPPO A38 4GB/128GB (Garansi Resmi)Varian: Hitam;5;Barang ori masih tersegel, overall aman semua;gambar_produk/produk_32_3.webp
didi;OPPO A60 8GB+8GB/128GB & 256GB (Garansi Resmi) XYZ8732OPVarian: Ungu 256GB;5;terima kasih seller, barang diterima dengan baik,kondisi aman,packing rapi dan aman.;
barang segel dan sesuai deskripsi.;;;;
"next bakalan order lagi..""";gambar_produk/produk_32_4.webp;;;
M***a;OPPO A3 8GB/128GB Online Exclusive (Garansi Resmi) - PromoVarian: Putih;5;mantul;gambar_produk/produk_32_5.webp
Heri;OPPO A60 8GB+8GB/128GB & 256GB (Garansi Resmi) XYZ8732OPVarian: Ungu 128GB;5;Tidak ada ulasan;gambar_produk/produk_32_6.webp
Y***s;OPPO A60 8GB+8GB/128GB & 256GB (Garansi Resmi) XYZ8732OPVarian: Biru 128GB;5;Barang sudah sampai.berfungsi dengan baik mudah2an awet;gambar_produk/produk_32_7.webp
S***f;OPPO Half-Ear Earphones MH135 White 3.5mm;5;tampang murahan tapi kualitasnya kelazzz, anti sember-sember club;gambar_produk/produk_32_8.webp
A***A;OPPO A3 8GB/128GB Online Exclusive (Garansi Resmi) - PromoVarian: Ungu;5;barang sampai dengan baik, kualitas ori memang tidak perlu diragukan;gambar_produk/produk_32_9.webp
M***i;[Promo] OPPO Reno12 F 5G 12GB/256GB (Garansi Resmi)Varian: Hijau;5;produk oke.;
"tapi pengiriman nya yg lama dari agen expedisi nya.""";gambar_produk/produk_33_0.webp;;;
Riduan;OPPO A78 8GB(+8GB)/256GB Smartphone (Garansi Resmi)Varian: Hijau+TebusMrh;5;Barang masih disegel saat diterima, berfungsi dengan baik dan original, namun pengiriman agak lama sampai satu minggu biar nyampe;gambar_produk/produk_33_1.webp
E***g;[PROMO] OPPO A3 8GB/128GB Online Exclusive (Garansi Resmi)Varian: Hitam;5;barang sdh diterima, penjual gast respon;gambar_produk/produk_33_2.webp
Khital;OPPO A38 4GB/128GB (Garansi Resmi)Varian: Hitam;5;ok;gambar_produk/produk_33_3.webp
yusmanila;[NEW] OPPO A3 8GB/128GB Online Exclusive (Garansi Resmi)Varian: Putih;5;barang masih disegel ...;
"cuma mohon lebih safety lagi pengemasan nya bnyakin buble warp ..""";gambar_produk/produk_33_4.webp;;;
J***n;OPPO VOOC Cable USB-C to USB-C 8A White ID (1M);5;sesuaaaaai;
H***y;OPPO A18 4GB/128GB Smartphone (Garansi Resmi) XYZ8732OPVarian: Biru Muda;5;barang tersegel dan aman berfungsi dengan baik;gambar_produk/produk_33_6.webp
Rizka;OPPO Reno11 5G 8GB/256GB (Garansi Resmi)Varian: Hijau;5;produk original garansi resmi pengiriman cepat packing baik,;gambar_produk/produk_33_7.webp
E***N;OPPO A3x 6GB/128GB Smartphone (Garansi Resmi) XYZ8732OPVarian: Merah;5;Barang original dan pengiriman sangat cepat;gambar_produk/produk_33_8.webp
yohanes;OPPO A3x 4GB(+4GB)/64GB (Garansi Resmi)  XYZ8732OPVarian: Biru;5;üëç;gambar_produk/produk_33_9.webp
M***a;OPPO A60 8GB+8GB/128GB & 256GB (Garansi Resmi) XYZ8732OPVarian: Ungu 128GB;5;Alhamdulillah barang sudah sampai,tidak kekurangan apapun ,cuma dus nya aja basah kena hujan heheh üíïüíï;gambar_produk/produk_34_0.webp
A***d;OPPO A78 8GB(+8GB)/256GB Smartphone (Garansi Resmi)Varian: Hijau+TebusMrh;5;Berfungsi dengan baik;gambar_produk/produk_34_1.webp
d***y;[NEW] OPPO A3 8GB/128GB Online Exclusive (Garansi Resmi)Varian: Putih;5;barang masih segel dan berfungsi dengan baik , pelayanan dari seller bagus ,barang terkirim dengan cepat dan aman;gambar_produk/produk_34_2.webp
Prihatna;OPPO Pad Air Purple 4GB/128GB (Garansi Resmi)Varian: Purple;5;lumayan agak lama yaa,;
over all ok aman terkendali ;;;;
"thanks Yooo""";;;;
M***m;OPPO A58 NFC 8GB/128GB (Garansi Resmi)Varian: Hitam;5;pengiriman cepat;
barangnya original ;;;;
"terimakasih""";gambar_produk/produk_34_4.webp;;;
Meme;[NEW] OPPO Reno13 5G 12GB/256GB (Garansi Resmi)Varian: Biru;5;hape nya keren..selalu Oppo Reno di hati..reseler respon cepat dan selalu update ..terima kasih Oppo store rekomend buanget toko nya..jangan ragu untuk order disini..;gambar_produk/produk_34_5.webp
p***u;OPPO A38 6GB/128GB (Garansi Resmi) XYZ8732OPVarian: Gold;5;pembelian kedua kali untuk tipe yg sama. pelayananya bagus, produk bagus sesuai deskripsi. kondisi saat tiba juga bagus. kurir yg terpilih juga dapat dipercaya. thank you...;gambar_produk/produk_34_6.webp
Riky;OPPO A3 8GB/128GB Online Exclusive (Garansi Resmi) - PromoVarian: Hitam;5;Bagus semua berfungsi dengan baik pengiriman juga cepatüëç;gambar_produk/produk_34_7.webp
Ariska;[NEW] OPPO A3 8GB/128GB Online Exclusive (Garansi Resmi)Varian: Hitam;5;barang sesuai pesanan , pengiriman cepat;gambar_produk/produk_34_8.webp
M***d;[NEW] OPPO Reno13 F 5G 12GB/256GB & 8GB/256GB (Garansi Resmi)Varian: Hitam - 8GB+256GB;5;Prosesnya cepet banget, barang berfungsi dengan baik, packing aman banget.;gambar_produk/produk_34_9.webp
Aprilia;[Kejar Diskon] OPPO A58 NFC 8GB/128GB (Garansi Resmi)Varian: Biru Muda;5;Good kondisi;gambar_produk/produk_35_0.webp
R***n;[Promo] OPPO Reno12 F 5G 12GB/256GB (Garansi Resmi)Varian: Orange;5;Pengiriman cepat dan aman. Semoga makin sering diskon.;gambar_produk/produk_35_1.webp
Lusi;OPPO A3 8GB/128GB Online Exclusive (Garansi Resmi) - PromoVarian: Ungu;5;Paket diterima dengan baiik, kondisi barang bagus masih tersegel rapi, kurir amanah, seller ramah, makasiih;gambar_produk/produk_35_2.webp
Reni;[NEW] OPPO A3 8GB/128GB Online Exclusive (Garansi Resmi)Varian: Ungu;5;barang mendarat dengan baik , paking rapih ,waktu cepat sekali terima kasih semoga awet;gambar_produk/produk_35_3.webp
H***i;OPPO A3 8GB/128GB Online Exclusive (Garansi Resmi) - PromoVarian: Ungu;5;barang masih di segel respon cepat double box;gambar_produk/produk_35_4.webp
D***a;OPPO A60 8GB+8GB/128GB & 256GB (Garansi Resmi) XYZ8732OPVarian: Biru 256GB;5;ok mantap banget hp nya. dikirim cepet dan smp dg aman wlpn gratis ongkir bukan instant. makasih ya seller sudah amanah;gambar_produk/produk_35_5.webp
s***y;OPPO A38 4GB/128GB (Garansi Resmi)Varian: Hitam;5;mantapppp....üëçüëçüëç;gambar_produk/produk_35_6.webp
welsa;OPPO A79 5G 8GB/256GB (Garansi Resmi)Varian: Ungu;2;kenapa hp tiba tiba mati total, saya juga pernah pesan hp online itu ga mati total ini kok bisa;gambar_produk/produk_35_7.webp
Chessfiqri;[NEW] OPPO A3 8GB/128GB Online Exclusive (Garansi Resmi)Varian: Hitam;5;Tidak ada ulasan;gambar_produk/produk_35_8.webp
E***l;OPPO Reno11 5G 8GB/256GB (Garansi Resmi)Varian: Hitam;5;sesuai pesanan, respon cepat,;gambar_produk/produk_35_9.webp
F***i;OPPO A3 8GB/128GB Online Exclusive (Garansi Resmi) - PromoVarian: Hitam;5;barang nya mantul masih disegel.pengemasannya sangat rapih,next time co lagi di toko ini.;gambar_produk/produk_36_0.webp
Sahrizal;OPPO Enco X3i True Wireless Noise Cancelling Earbuds (Garansi Resmi);5;Pelayanan bagus excellent, original sesuai deskripsi, OPPO produk unggulan, kaya fitur, mudah digunakan dan awet.;gambar_produk/produk_36_1.webp
Rusli;[NEW] OPPO A3 8GB/128GB Online Exclusive (Garansi Resmi)Varian: Putih;5;Aman,;gambar_produk/produk_36_2.webp
alexander;[NEW] OPPO A3 8GB/128GB Online Exclusive (Garansi Resmi)Varian: Ungu;5;barang ori masih tersegel dan langsung berfungsi degan baik ke 2xnya mi order di lapak ini dia rama langsung proses pesanan;gambar_produk/produk_36_3.webp
Rudy;OPPO A79 5G 8GB/256GB (Garansi Resmi)Varian: Ungu;5;sangat bagus;gambar_produk/produk_36_4.webp
Idham;OPPO A58 NFC 8GB/128GB (Garansi Resmi)Varian: Hitam+TebusMrh;5;Tidak ada ulasan;gambar_produk/produk_36_5.webp
Anoni;[NEW] OPPO A3 8GB/128GB Online Exclusive (Garansi Resmi)Varian: Ungu;5;Pengiriman cepat, barang ORI masih segel. semoga awet dan tahan banting;gambar_produk/produk_36_6.webp
R***i;OPPO A79 5G 8GB/256GB (Garansi Resmi)Varian: Ungu;5;ok..;
"prngiriman ok""";gambar_produk/produk_36_7.webp;;;
Totok;OPPO A38 4GB/128GB (Garansi Resmi)Varian: Hitam;5;Sesuai pesanan.. Mantab..;gambar_produk/produk_36_8.webp
Hafifi;OPPO A38 4GB/128GB (Garansi Resmi)Varian: Hitam;5;Barang bagus. pelayanan bagus. cuma rekomended si cepat kurirnya. ini yang bikin kurang bagus. sicepat Pamekasan kurang satset.;gambar_produk/produk_36_9.webp
abc;OPPO A38 4GB/128GB (Garansi Resmi)Varian: Hitam;5;bagus masih disegel;gambar_produk/produk_37_0.webp
Dian;OPPO A3 8GB/128GB Online Exclusive (Garansi Resmi) - PromoVarian: Putih;5;Terimakasih banyak, HPnya sudah keterima dengan baik;gambar_produk/produk_37_1.webp
B***i;[NEW] OPPO A3 8GB/128GB Online Exclusive (Garansi Resmi)Varian: Ungu;5;Asuransinya;gambar_produk/produk_37_2.webp
Thomas;[Promo] OPPO Reno12 F 5G 12GB/256GB (Garansi Resmi)Varian: Orange;5;barang sesuai dan pengiriman cepat. produknya masih tersegel dan pakacking rapi. terimakasih;gambar_produk/produk_37_3.webp
i***k;[NEW] OPPO A3 8GB/128GB Online Exclusive (Garansi Resmi)Varian: Putih;5;alhamdulillah barangnya sudah sampai;gambar_produk/produk_37_4.webp
Q***a;[NEW] OPPO A3 8GB/128GB Online Exclusive (Garansi Resmi)Varian: Hitam;5;sesuai pesanan cepat sampai quality ok;gambar_produk/produk_37_5.webp
N***r;[NEW] OPPO A3 8GB/128GB Online Exclusive (Garansi Resmi)Varian: Putih;5;barang original dan mulus, dapat soft case dan chargeran lengkap. thankyou oppo;gambar_produk/produk_37_6.webp
Gira;OPPO Reno10 5G Colorful Protective CaseVarian: Biru;5;Case nya sudah sampai, bagus pokoknya;
S***i;[NEW] OPPO A3 8GB/128GB Online Exclusive (Garansi Resmi)Varian: Hitam;5;barang berfungsi dengan baik, pengantaran memakai sameday gojek;gambar_produk/produk_37_8.webp
W***n;[NEW] OPPO A79 5G 8GB/256GB (Garansi Resmi)Varian: Hitam;5;Spesifikasi sesuai, barang ori, aman semuanya, mantap;
Asep;OPPO A3x 4GB(+4GB)/64GB (Garansi Resmi)  XYZ8732OPVarian: Merah;5;bagus banget;gambar_produk/produk_38_0.webp
DAIFA;[Kejar Diskon] OPPO Reno12 F 5G 12GB/256GB (Garansi Resmi)Varian: Hijau;5;barang sangat bagus. pengepakan & pengiriman sangat baik. pelayanan juga sangat responsif.;gambar_produk/produk_38_1.webp
A***a;[NEW] OPPO A3 8GB/128GB Online Exclusive (Garansi Resmi)Varian: Ungu;5;barang sudah sampai. admin sangat responsif. barang ga ada kendala, bagus warna ungu semoga awet;gambar_produk/produk_38_2.webp
Alika;OPPO A3 8GB/128GB Online Exclusive (Garansi Resmi) - PromoVarian: Putih;5;barwng masih segel;gambar_produk/produk_38_3.webp
Sam;OPPO A58 NFC 8GB/128GB (Garansi Resmi)Varian: Hitam;5;barang masih tersegel..harga sesuai kualitas ..cepat bnget sampainya..berfungsi dengan normal..semoga bermanfaat..dengan harga 2.100.000an..ram 8 sesuai...;gambar_produk/produk_38_4.webp
A***S;OPPO A3 8GB/128GB Online Exclusive (Garansi Resmi) - PromoVarian: Hitam;5;Barang sudah sampai dengan Tepat dan Aman ;
Sesuai Pesanan;Tersegel Rapi; Kemasan Bagus;;
"Recommended buat yang mau Order di Toko ini""";gambar_produk/produk_38_5.webp;;;
R***n;[NEW] OPPO A3 8GB/128GB Online Exclusive (Garansi Resmi)Varian: Hitam;5;Barang diterima dengan baik dan sesuai pesanan lengkap terima kasih banyak.;gambar_produk/produk_38_6.webp
Bude;OPPO A3x 4GB(+4GB)/64GB (Garansi Resmi)  XYZ8732OPVarian: Merah;5;oke sip;gambar_produk/produk_38_7.webp
I***L;OPPO A79 5G 8GB/256GB (Garansi Resmi)Varian: Ungu+TebusMrh;5;mantaappppp...;gambar_produk/produk_38_8.webp
H***u;OPPO Reno10 5G | Reno10 Pro 5G Diamond Protective Case;5;respon dan pengiriman cepat, kualitas barang sangat bagus, mantab;gambar_produk/produk_38_9.webp
f***s;OPPO A3 8GB/128GB Online Exclusive (Garansi Resmi) - PromoVarian: Putih;5;keren;gambar_produk/produk_39_0.webp
A***h;[NEW] OPPO Reno13 F 5G 12GB/256GB & 8GB/256GB (Garansi Resmi)Varian: Biru - 12GB+256GB;5;masih dapet magnetic case nya ternyata, kirain udah habis. thankyouuu.;gambar_produk/produk_39_1.webp
P***T;OPPO A79 5G 8GB/256GB (Garansi Resmi)Varian: Hitam;5;mantap gan;gambar_produk/produk_39_2.webp
Nurhaliimah;OPPO A79 5G 8GB/256GB (Garansi Resmi)Varian: Ungu;5;tidak pernah kecewa dengan Oppo ini, tampilannya elegan ,mewah¬≤ gimana gtu dengan warna unggu yang bersinarüòç;gambar_produk/produk_39_3.webp
MIFTAKUL;[PROMO] OPPO A3 8GB/128GB Online Exclusive (Garansi Resmi)Varian: Putih;5;barang bagus,mantap pengiriman sangat aman;gambar_produk/produk_39_4.webp
Rick;OPPO A79 5G 8GB/256GB (Garansi Resmi)Varian: Hitam;5;Tidak ada ulasan;gambar_produk/produk_39_5.webp
Farid;OPPO A38 6GB/128GB (Garansi Resmi) XYZ8732OPVarian: Gold;5;Barang masih disegel waktu sampai dan ada garansi resminya, berfungsi dengan baik, kualitas barang original.;
Ekspedisi dan kurir tepat waktu dan ramah.;;;;
"Sukses selalu semu...""";gambar_produk/produk_39_6.webp;;;
S***o;[NEW] OPPO A3 8GB/128GB Online Exclusive (Garansi Resmi)Varian: Ungu;5;barang sampai dengan selamat, tidak ada kerusakan, pengemasan aman bubble warp tebal, barang ori dan bgus.. Toko rekomendasi untuk beli HP;gambar_produk/produk_39_7.webp
Achmad;OPPO A3 8GB/128GB Online Exclusive (Garansi Resmi)Varian: Ungu;5;barang segel waktu sampai...terpercaya dan aman;gambar_produk/produk_39_8.webp
Athalia;OPPO A3 8GB/128GB Online Exclusive (Garansi Resmi) - PromoVarian: Ungu;5;Sip mantabüëçüëçüëçüëçüëçüëçüëçüëçüëçüëçüëçüëçüëçüëçüëçüëç;gambar_produk/produk_39_9.webp
Hendra;OPPO A78 8GB(+8GB)/256GB - Exclusive Tokopedia (Garansi Resmi)Varian: Green;5;harga terbaik, seller ramah fast respon, packing aman;gambar_produk/produk_40_0.webp
Muhamad;OPPO A3 8GB/128GB Online Exclusive (Garansi Resmi) - PromoVarian: Ungu;5;terimakasih barang sesuai pesanan;gambar_produk/produk_40_1.webp
Rakhmat;OPPO VOOC Cable USB-C to USB-C 8A White ID (1M);5;terima kasih buat proses pengiriman cepat nya, paket sdh di terima semoga awet seperti pembelian sebelum nya;gambar_produk/produk_40_2.webp
Buah;[Kejar Diskon] OPPO A38 4GB/128GB (Garansi Resmi)Varian: Gold;5;Tidak ada ulasan;
Ronald;[NEW] OPPO Find X8 16GB/512GB & 12GB/256GB (Garansi Resmi) XYZ8732OPVarian: Abu 12GB;5;sangat bisa mengobati rasa kangen user Find X series. Dulu sempet pake Find X5 Pro, dan kurang nyaman dipakai harian. Akhirnya saya jual ganti merek Samsul. sekarang come...;
Wanda;OPPO Pad 2 Pencil (Garansi Resmi);5;Harga terjangkau, fast response. Order H-1, besok pagi saya sudah terima. Sukses selalu ....;
d***i;OPPO A60 8GB+8GB/128GB & 256GB (Garansi Resmi) XYZ8732OPVarian: Ungu 128GB;5;barang sampai dgn selamat, isi full mulus ORI terima kasih;gambar_produk/produk_40_6.webp
dian;OPPO A78 8GB(+8GB)/256GB Smartphone (Garansi Resmi)Varian: Hijau+TebusMrh;5;barang sampe, packing aman masih disegel dan barang berfungsi dengan baik;gambar_produk/produk_40_7.webp
S***g;OPPO A3 8GB/128GB Online Exclusive (Garansi Resmi) - PromoVarian: Ungu;1;ok;gambar_produk/produk_40_8.webp
agus;OPPO A58 NFC 8GB/128GB (Garansi Resmi)Varian: Hitam;5;paket diterima dalam keadaan aman dan lengkap;gambar_produk/produk_40_9.webp
DWI;[NEW] OPPO A3 8GB/128GB Online Exclusive (Garansi Resmi)Varian: Putih;5;ok, sesuai pesanan ;
"pengiriman cepat""";gambar_produk/produk_41_0.webp;;;
Benny;OPPO A60 8GB+8GB/128GB & 256GB (Garansi Resmi) XYZ8732OPVarian: Biru 256GB;5;baguss;gambar_produk/produk_41_1.webp
Jack;OPPO A60 8GB+8GB/128GB & 256GB (Garansi Resmi) XYZ8732OPVarian: Biru 256GB;5;REspon cepat,, kualitas orisinil,, pelayanan bagus,, good pokoknya;gambar_produk/produk_41_2.webp
Andre;OPPO A3 8GB/128GB Online Exclusive (Garansi Resmi)Varian: Hitam;5;Produk ‚≠ê‚≠ê‚≠ê‚≠ê‚≠ê ;
shipping ‚≠ê‚≠ê‚≠ê‚≠ê‚≠ê ;;;;
"seller ‚≠ê‚≠ê‚≠ê‚≠ê‚≠ê""";gambar_produk/produk_41_3.webp;;;
Ahmad;OPPO A3 8GB/128GB Online Exclusive (Garansi Resmi)Varian: Hitam;5;ok;gambar_produk/produk_41_4.webp
bangkit;OPPO A3 8GB/128GB Online Exclusive (Garansi Resmi) - PromoVarian: Hitam;5;barang sesuai. pengirman cepat, terima kasih;gambar_produk/produk_41_5.webp
Des;OPPO A78 5G 8GB/128GB Smartphone (Garansi Resmi)Varian: Hitam;5;Barang Bagus & Sesuai Deskripsi;gambar_produk/produk_41_6.webp
Hirozhie;OPPO Half-Ear Earphones MH135 White 3.5mm;5;sip sesuai harapan.....sayang pihak kurir barang di banting2 jdnya pesok semua;gambar_produk/produk_41_7.webp
Redy;OPPO A3 8GB/128GB Online Exclusive (Garansi Resmi)Varian: Hitam;3;Packingnya mengerikan, begitu saya terima, bonyok bonyok, saya pikir ini yg kirim barang elektronik atau bukan. Parah packingnya, untungnya aja HPnya gak apa apa masih ko...;gambar_produk/produk_41_8.webp
Alex;OPPO A38 4GB/128GB (Garansi Resmi)Varian: Hitam;5;joooooossss Weeeeessss Uuuaappiikk;gambar_produk/produk_41_9.webp
Faisal;OPPO A3 8GB/128GB Online Exclusive (Garansi Resmi) - PromoVarian: Putih;5;keren;gambar_produk/produk_42_0.webp
M***a;OPPO A58 NFC 8GB/128GB (Garansi Resmi)Varian: Hijau+TebusMrh;5;barang nya sudah sampai, packing aman dan suka warna hp nya. barang nya juga nyampe lebih cepat dari perkiraan hanya 2 hari sudah sampai. saya suka hp nya juga bagus. dar...;gambar_produk/produk_42_1.webp
Siti;[NEW] OPPO A79 5G 8GB/256GB (Garansi Resmi)Varian: Hitam;5;Barang sudah diterima dengan baik dan kualitas kameranya bagus, dengan RAM 8GB/ 256GB bisa banyak menyimpan gambar & video;gambar_produk/produk_42_2.webp
Koperasi;OPPO A3 8GB/128GB Online Exclusive (Garansi Resmi)Varian: Hitam;5;Menggunakan pilihan pengiriman paling hemat hanya butuh 2 harian dari gudang toko ke halaman tempat tinggal saya di Blahkiuh, Abiansemal, Badung - Bali.;
"kondisi baik mesk...""";gambar_produk/produk_42_3.webp;;;
T***i;OPPO A58 NFC 8GB/128GB (Garansi Resmi)Varian: Hitam+TebusMrh;5;Oppo emg gak mengecewakan;gambar_produk/produk_42_4.webp
Puspa;OPPO A3 8GB/128GB Online Exclusive (Garansi Resmi)Varian: Ungu;5;Tidak ada ulasan;gambar_produk/produk_42_5.webp
A***m;OPPO Half-Ear Earphones MH135 White 3.5mm;5;nice;gambar_produk/produk_42_6.webp
Kartono;OPPO A78 8GB(+8GB)/256GB Smartphone (Garansi Resmi)Varian: Green;5;üëçüëçüëçüëçüëç;gambar_produk/produk_42_7.webp
N***r;OPPO A3 8GB/128GB Online Exclusive (Garansi Resmi) - PromoVarian: Putih;5;okeee alhmadulilah barang sudah nyampai kemarin, cuman satu hari udah nyampe aja,  real dan original sesuai spesifikasi, ;
toko yang amanah nexs order lagi makasih;" semoga...""";gambar_produk/produk_42_8.webp;;
Aris;OPPO A3 8GB/128GB Online Exclusive (Garansi Resmi) - PromoVarian: Hitam;5;masih bersegel dengan baik;gambar_produk/produk_42_9.webp
Fareday;OPPO A3 8GB/128GB Online Exclusive (Garansi Resmi)Varian: Putih;5;Order siang bsok siang nya sampai -+ 24 jam, ;
Ori official Oppo. ;;;;
Garansi ok;;;;
Fitur lengkap ;;;;
spesifikasi ok;;;;
pengiriman Cepet;;;;
"keaslian Oppo Official""";gambar_produk/produk_43_0.webp;;;
Agus;OPPO A3x 4GB(+4GB)/64GB (Garansi Resmi)  XYZ8732OPVarian: Merah;5;Barang sampai dengan tujuan dengan selamat;
terimakasih;;;;
"nekt to order""";gambar_produk/produk_43_1.webp;;;
Bambang;OPPO A3 8GB/128GB Online Exclusive (Garansi Resmi) - PromoVarian: Hitam;5;ok. semua ok.;gambar_produk/produk_43_2.webp
Ndah;OPPO Half-Ear Earphones MH135 White 3.5mm;5;barang sesuai ,pengiriman cepet ,barang bagus;gambar_produk/produk_43_3.webp
Adhan;OPPO A3x 6GB/128GB Smartphone (Garansi Resmi) XYZ8732OPVarian: Merah;5;Bagus, mantap, cepat, bersegel, asli, keren lah pokoknya;gambar_produk/produk_43_4.webp
Albert;[NEW] OPPO Reno13 F 5G 12GB/256GB & 8GB/256GB (Garansi Resmi)Varian: Ungu - 12GB+256GB;4;Pengiriman Cepat, Hp masih segel, sayang tdk dpt magnetic case & wallet. mungkin sebelum check out harus pastikan dgn chat admin sblm checknout;gambar_produk/produk_43_5.webp
D***t;OPPO A58 NFC 8GB/128GB (Garansi Resmi)Varian: Hitam+TebusMrh;5;Tidak ada ulasan;gambar_produk/produk_43_6.webp
Olshop;OPPO A38 4GB/128GB (Garansi Resmi) - PromoVarian: Hitam;5;hp nya bagus dan ori, smga awet;
Rudiyanto;OPPO A3 8GB/128GB Online Exclusive (Garansi Resmi)Varian: Ungu;5;hp nya bagus sesuai ori pengiriman cepat;gambar_produk/produk_43_8.webp
Inyonk;OPPO A38 6GB/128GB (Garansi Resmi) - PromoVarian: Gold;5;fast respon  pelayana bagus;gambar_produk/produk_43_9.webp
I***m;[NEW] OPPO Find X8 16GB/512GB & 12GB/256GB (Garansi Resmi) XYZ8732OPVarian: Hitam 16GB;5;Barang original OPPO Indonesia.;
Di dalam paket pembelian saya; saya kyk ikut PO pas baru launching kemarin :D;;;
Semoga saja tidak ada cacat produk. Terimakasih banyak;" kak....""";gambar_produk/produk_44_0.webp;;
Tantony;OPPO A3 Pro 5G 8GB/256GB Smartphone (Garansi Resmi) XYZ8732OPVarian: Ungu;5;Paketnya sudah saya terima ya :);
;;;;
"Terimakasih""";gambar_produk/produk_44_1.webp;;;
B***g;OPPO A3 8GB/128GB Online Exclusive (Garansi Resmi) - PromoVarian: Ungu;5;masih bersegel. berjalan normal. pengiriman super cepat. vm sehari gratis ongkir .seler gerecep. mantul pokonya.;gambar_produk/produk_44_2.webp
w***i;OPPO A78 5G 8GB/128GB Smartphone (Garansi Resmi)Varian: Hitam;5;Barang aman, penjual amanah dan kurir pun ramah;gambar_produk/produk_44_3.webp
s***y;OPPO VOOC TYPE-C CABLE DL129 WHITE;5;barangnya berfungsi dengan baik, sebelumnya pakai casan rusak cepat habis baterainya gatau kenapa pake ini lebih awet! top semoga awet ü©∑;gambar_produk/produk_44_4.webp
Ary;OPPO A60 8GB+8GB/128GB & 256GB (Garansi Resmi) XYZ8732OPVarian: Ungu 128GB;5;mamrap pokoknya;gambar_produk/produk_44_5.webp
Dwi;OPPO A3 8GB/128GB Online Exclusive (Garansi Resmi)Varian: Putih;5;barang original, di terima dengan baik, pengiriman juga cepat banget... 1 hari langsung sampe;gambar_produk/produk_44_6.webp
setia;OPPO Reno11 5G 8GB/256GB (Garansi Resmi)Varian: Hitam;5;Tidak ada ulasan;gambar_produk/produk_44_7.webp
B***u;OPPO A3 8GB/128GB Online Exclusive (Garansi Resmi)Varian: Ungu;5;barang segel, sesuai deskripsi. pengiriman cepat;gambar_produk/produk_44_8.webp
Deni;OPPO A78 8GB(+8GB)/256GB Smartphone (Garansi Resmi)Varian: Green;5;hp nya sudah sampai;
dengan aman;;;;
terimakasiüòÅ;;;;
"kurir nya juga cepat""";gambar_produk/produk_44_9.webp;;;
Solikhati;OPPO A3 8GB/128GB Online Exclusive (Garansi Resmi) - PromoVarian: Putih;5;barang ORI, termasuk charger dan casing;gambar_produk/produk_45_0.webp
Edi;OPPO A78 8GB(+8GB)/256GB Smartphone (Garansi Resmi)Varian: Hijau+TebusMrh;5;Sesuai ok banget;gambar_produk/produk_45_1.webp
Pandu;OPPO A3 8GB/128GB Online Exclusive (Garansi Resmi) - PromoVarian: Ungu;5;pengiriman cepat.. brg diterima sesuai order & sudah di nyalakan semua berfungsi baik, tengkyu seller.. gak nyesel belanja di toko ini;gambar_produk/produk_45_2.webp
Bam;OPPO A3 8GB/128GB Online Exclusive (Garansi Resmi)Varian: Hitam;5;Ori bgus prngiriman cpt;gambar_produk/produk_45_3.webp
Turhani;OPPO A3 8GB/128GB Online Exclusive (Garansi Resmi)Varian: Ungu;4;kemasan barang penyok,kurir tidak bertanggung jawab , meletakan barang di depan pintu rumah begitu saja;gambar_produk/produk_45_4.webp
Eva;OPPO Reno12 F 8GB/256GB Smartphone (Garansi Resmi) XYZ8732OPVarian: Grey;5;bagus;gambar_produk/produk_45_5.webp
Yin;OPPO Find N3 16GB/512GB Foldable Handphone (Garansi Resmi) XYZ8732OPVarian: Hitam;5;Sesuai harapan.;
Yunita;OPPO A18 4GB/128GB Smartphone (Garansi Resmi) XYZ8732OPVarian: Hitam;5;Masi segel. 1 hari esoknya sampai.. thanks ya oppo;gambar_produk/produk_45_7.webp
Riky;OPPO A3 8GB/128GB Online Exclusive (Garansi Resmi) - PromoVarian: Ungu;5;Barang sesuai deskripsi dan bagus respon penjual juga gercep thnaks;gambar_produk/produk_45_8.webp
Geri;OPPO A3 8GB/128GB Online Exclusive (Garansi Resmi)Varian: Hitam;5;Thanks gan;gambar_produk/produk_45_9.webp
Hermawan;OPPO A98 5G 8GB/256GB (Garansi Resmi)Varian: Hitam;5;barang segel, packing rapi. untuk dijual lagi aman.;gambar_produk/produk_46_0.webp
D***y;OPPO A3 8GB/128GB Online Exclusive (Garansi Resmi)Varian: Ungu;5;pesanan sesuai dan barang asli ori joss mantap asik2;gambar_produk/produk_46_1.webp
dea;OPPO A3 8GB/128GB Online Exclusive (Garansi Resmi) - PromoVarian: Ungu;5;barang masih segel dan aman, dapat kartu garansi resmi, sesuai dengan deskripsi dan tentunya original, moho maaf kak baru kasih ratingüôèü•∞;gambar_produk/produk_46_2.webp
yoga;OPPO A38 4GB/128GB (Garansi Resmi)Varian: Gold;5;josss mantabbb;gambar_produk/produk_46_3.webp
F***n;OPPO A3 8GB/128GB Online Exclusive (Garansi Resmi) - PromoVarian: Putih;5;terimakasih barang sudah diterima dengan baik ....;gambar_produk/produk_46_4.webp
Agape;OPPO A3 Pro 5G 8GB/256GB Smartphone (Garansi Resmi) XYZ8732OPVarian: Ungu;5;Produk mantap. Berkualitas. Sangat rekomendasi dari toko resmi. Thanks seller. Semoga awet.;gambar_produk/produk_46_5.webp
Ade;OPPO A58 NFC 8GB/128GB (Garansi Resmi)Varian: Hitam+TebusMrh;5;bagus;gambar_produk/produk_46_6.webp
t***o;[Kejar Diskon] OPPO Reno12 F 5G 12GB/256GB (Garansi Resmi)Varian: Hijau;5;Alhamdulillah smpai dan sesuai pesanan...;
"terima kasih""";gambar_produk/produk_46_7.webp;;;
Andres;OPPO VOOC TYPE-C CABLE DL129 WHITE;5;Hp : realme 6 Pro;
"berfungsi mirip seperti kabel asli""";gambar_produk/produk_46_8.webp;;;
J***i;[Kejar Diskon] OPPO A38 6GB/128GB (Garansi Resmi)Varian: Hitam;5;diterima dlm keadaan baik dan sesuai pesanan, smg awet;gambar_produk/produk_46_9.webp
mus;OPPO A78 8GB(+8GB)/256GB Smartphone (Garansi Resmi)Varian: Hijau+TebusMrh;5;sesuai pesanan barang original msh di segel.insya Allah lancar;gambar_produk/produk_47_0.webp
I***n;OPPO Reno13 F 4G 8GB/256GB Smartphone (Garansi Resmi)Varian: Abu-abu;5;Tidak ada ulasan;gambar_produk/produk_47_1.webp
M***d;[NEW] OPPO Reno13 5G 12GB/256GB (Garansi Resmi)Varian: Putih;5;barang sesuai, pengiriman cepat, pengemasan oke mantap;gambar_produk/produk_47_2.webp
Yonita;OPPO A38 4GB/128GB (Garansi Resmi) - PromoVarian: Hitam;5;Pelayanan cepat, seller sangat fast response. Thx yaa;gambar_produk/produk_47_3.webp
Supriyanto;OPPO A78 8GB(+8GB)/256GB Smartphone (Garansi Resmi)Varian: Green;5;Packing rapi,aman dan safe..;
pengiriman cepat ;;;;
barang bagus ;;;;
toko amanah ;;;;
"good pokoknya""";gambar_produk/produk_47_4.webp;;;
Nicky;Clear Protective Case OPPO Reno12 5G;5;terbaik dan tercepat;
Jayanti;OPPO A3 8GB/128GB Online Exclusive (Garansi Resmi)Varian: Ungu;4;sesuai harga, biasa aja.. gambar agak pecah kurang bagus;gambar_produk/produk_47_6.webp
adisan;OPPO A3 8GB/128GB Online Exclusive (Garansi Resmi)Varian: Putih;5;oriii mantab;gambar_produk/produk_47_7.webp
A***a;[Kejar Diskon] OPPO A38 6GB/128GB (Garansi Resmi)Varian: Hitam;5;Pengiriman cepat dan aman;
Bubble wrap tebal;;;;
"Fast respond""";gambar_produk/produk_47_8.webp;;;
Herry;OPPO A3 8GB/128GB Online Exclusive (Garansi Resmi) - PromoVarian: Hitam;5;Kesekian kalinya beli produk ini emang TOP lahhhhhhh;gambar_produk/produk_47_9.webp
Anggi;[NEW] OPPO Reno13 F 5G 12GB/256GB & 8GB/256GB (Garansi Resmi)Varian: Biru - 12GB+256GB;5;sorry baru kasih review;
barang sesuai masih segel aman packaging sgt baik...;;;;
"pengiriman cepat""";gambar_produk/produk_48_0.webp;;;
Muhammad;OPPO A38 4GB/128GB (Garansi Resmi)Varian: Gold;5;PENGIRIMAN LAMA KARNA KURIR YANG NGGA JELAS OPER SANA OPER SINI;gambar_produk/produk_48_1.webp
rita;OPPO A3 8GB/128GB Online Exclusive (Garansi Resmi) - PromoVarian: Ungu;5;barang sesuai bagus banget warnanya ;
"maaf mau kirim video unboxing tapi ngga bisa upload""";gambar_produk/produk_48_2.webp;;;
ilham;OPPO A58 NFC 8GB/128GB (Garansi Resmi)Varian: Hitam+TebusMrh;5;barang masih di segel, pengiriman cepat, packing sangat rapi, toko nya fast respon. pokok nya rekomended.;gambar_produk/produk_48_3.webp
Agung;OPPO A3 8GB/128GB Online Exclusive (Garansi Resmi) - PromoVarian: Hitam;5;barang sesuai pesanan.;
packing aman dan rapih.;;;;
"proses dan kirim cepat.""";gambar_produk/produk_48_4.webp;;;
C***a;OPPO A3 8GB/128GB Online Exclusive (Garansi Resmi) - PromoVarian: Ungu;5;respon cepat saya suka makasih;gambar_produk/produk_48_5.webp
Koesoemo;OPPO A78 8GB(+8GB)/256GB Smartphone (Garansi Resmi)Varian: Hitam;5;Handphone orisinal sesuai dengan ekspektasi.;gambar_produk/produk_48_6.webp
gunawan;OPPO A3 8GB/128GB Online Exclusive (Garansi Resmi) - PromoVarian: Hitam;5;bagus banget sesuai pesanan. mantap untuk toko nya. sama kurir paket nya. trimakasih banyak;gambar_produk/produk_48_7.webp
H***k;OPPO VOOC TYPE-C CABLE DL129 WHITE;5;Tidak ada ulasan;gambar_produk/produk_48_8.webp
Kus;[Kejar Diskon] OPPO Reno12 F 5G 12GB/256GB (Garansi Resmi)Varian: Hijau;5;mantap booz;gambar_produk/produk_48_9.webp
Atep;OPPO A3 8GB/128GB Online Exclusive (Garansi Resmi)Varian: Ungu;5;Alhamdulillah akhirnya mendarat dengan aman sentosa,Fast , packing rapih Real pic recommended seller Barang original . Pertahankan..sdh berlangganan d toko ini aman terpe...;gambar_produk/produk_49_0.webp
Muhammad;[NEW] OPPO Reno13 F 5G 12GB/256GB & 8GB/256GB (Garansi Resmi)Varian: Hitam - 8GB+256GB;5;Sesuai pesanan... Bersegel, original... Harga promo....;gambar_produk/produk_49_1.webp
inozzFroger;OPPO A3 8GB/128GB Online Exclusive (Garansi Resmi) - PromoVarian: Hitam;5;mantap, sampai dengan mulus, barang aman, pengiriman cepat, makasiy OppoüôÇüôèüèºüëçüëçüëçüëç;gambar_produk/produk_49_2.webp
Karunia;OPPO A3 8GB/128GB Online Exclusive (Garansi Resmi)Varian: Putih;5;pesanan sudah sampai dan berfungsi üëçüëçüëç;gambar_produk/produk_49_3.webp
Ade;OPPO A3 8GB/128GB Online Exclusive (Garansi Resmi) - PromoVarian: Putih;5;barang ori, garansi resmi oppo,, spek bagus no repack;gambar_produk/produk_49_4.webp
m;OPPO Half-Ear Earphones MH135 White 3.5mm;5;Dua 2 Kali Beli Disini Ngk Kecewa  Barang Ori Pelayanannya RAMAH  Dan Puas Trimksh Seller Semoga Sukses Selalu;gambar_produk/produk_49_5.webp
arif;OPPO A3 8GB/128GB Online Exclusive (Garansi Resmi) - PromoVarian: Ungu;3;dengan harga 2jutaan kok gak ada camera wide mode.. kok gak nih hp;gambar_produk/produk_49_6.webp
A***n;OPPO Half-Ear Earphones MH135 White 3.5mm;5;pengiriman cepat, kualitas suara juga bagus üëç;gambar_produk/produk_49_7.webp
Aris;OPPO A3 8GB/128GB Online Exclusive (Garansi Resmi) - PromoVarian: Hitam;5;bagus;gambar_produk/produk_49_8.webp
Arifin;[Kejar Diskon] OPPO A38 4GB/128GB (Garansi Resmi)Varian: Hitam;5;sampai dgnselama, berfungsi normal, pengiriman cept;
